dataset,model,method,model_seed,test_accuracy_original,test_macro_f1_original,total_training_time_sec_original,mean_epoch_time_sec_original,median_epoch_time_sec_original,peak_gpu_memory_allocated_bytes_original,peak_gpu_memory_reserved_bytes_original,runtime_over_bp_original,test_accuracy_patched,test_macro_f1_patched,total_training_time_sec_patched,mean_epoch_time_sec_patched,median_epoch_time_sec_patched,peak_gpu_memory_allocated_bytes_patched,peak_gpu_memory_reserved_bytes_patched,runtime_over_bp_patched,test_accuracy_difference,test_accuracy_ratio,test_macro_f1_difference,test_macro_f1_ratio,total_training_time_sec_difference,total_training_time_sec_ratio,mean_epoch_time_sec_difference,mean_epoch_time_sec_ratio,median_epoch_time_sec_difference,median_epoch_time_sec_ratio,peak_gpu_memory_allocated_bytes_difference,peak_gpu_memory_allocated_bytes_ratio,peak_gpu_memory_reserved_bytes_difference,peak_gpu_memory_reserved_bytes_ratio,runtime_over_bp_difference,runtime_over_bp_ratio
MNIST,lenet_classic,bp,0,0.9852,0.9851698419148791,25.328498695002054,2.5328498695002053,1.7112152330009849,129994240.0,138412032.0,1.0,0.9852,0.9851698419148791,25.30423496200092,2.530423496200092,1.7258620030006568,129994240,138412032,1.0,0.0,1.0,0.0,1.0,-0.024263733001134824,0.9990420382473786,-0.0024263733001133048,0.9990420382473786,0.01464676999967196,1.008559279813087,0.0,1.0,0.0,1.0,0.0,1.0
MNIST,lenet_classic,fixedpred,0,0.9857,0.9856437345949873,68.10183420299654,6.810183420299654,5.980447298999934,160873472.0,174063616.0,2.688743419934113,0.9857,0.9856437345949873,46.400240534007025,4.640024053400703,3.807326527501573,163132416,195035136,1.833694660347793,0.0,1.0,0.0,1.0,-21.701593668989517,0.6813361354658694,-2.170159366898951,0.6813361354658694,-2.173120771498361,0.636629057518531,2258944.0,1.0140417433148954,20971520.0,1.1204819277108433,-0.8550487595863199,0.6819894552797184
MNIST,lenet_classic,exact,0,0.9852,0.9851698419148791,29.836121654007002,2.9836121654007,2.1368017790009617,164927488.0,186646528.0,1.1779664485165249,0.9852,0.9851698419148791,25.367778143008763,2.5367778143008763,1.7326419284981966,133660160,140509184,1.00251116783824,0.0,1.0,0.0,1.0,-4.468343510998238,0.8502371198637965,-0.44683435109982383,0.8502371198637965,-0.40415985050276504,0.8108575842295838,-31267328.0,0.8104177273348152,-46137344.0,0.7528089887640449,-0.17545528067828497,0.85105239550817
MNIST,lenet_classic,strict,0,0.9857,0.9856049359203727,126.90449741499833,12.690449741499833,11.874323860000004,156862464.0,188743680.0,5.0103442348929965,0.9857,0.9856049359203727,94.36735851598496,9.436735851598495,8.620630014498602,156148736,167772160,3.7293108705991447,0.0,1.0,0.0,1.0,-32.53713889901337,0.7436092529281162,-3.253713889901338,0.7436092529281161,-3.2536938455014024,0.7259891271399599,-713728.0,0.9954499758463567,-20971520.0,0.8888888888888888,-1.2810333642938518,0.7443222852089703
MNIST,lenet_classic,fixedpred,1,0.9861,0.9860246545391946,68.35306048099665,6.835306048099665,6.006117410501247,160873472.0,174063616.0,2.6745397973577583,0.9861,0.9860246545391946,47.21960535499966,4.721960535499965,3.8895916049987136,163132416,195035136,1.87313508770421,0.0,1.0,0.0,1.0,-21.13345512599699,0.6908191823850746,-2.1133455125996994,0.6908191823850746,-2.1165258055025333,0.6476049899054677,2258944.0,1.0140417433148954,20971520.0,1.1204819277108433,-0.8014047096535484,0.7003579043971321
MNIST,lenet_classic,strict,1,0.9856,0.9854972959542063,127.40024549600275,12.740024549600275,11.938542882000547,156862464.0,188743680.0,4.984956406844998,0.9856,0.9854972959542063,93.86430488399492,9.386430488399492,8.531961067499651,156148736,167772160,3.7234644728465622,0.0,1.0,0.0,1.0,-33.535940612007835,0.736767064447611,-3.3535940612007824,0.736767064447611,-3.406581814500896,0.7146568179910031,-713728.0,0.9954499758463567,-20971520.0,0.8888888888888888,-1.2614919339984358,0.7469402275481803
MNIST,lenet_classic,exact,1,0.9857,0.9856229374705704,29.155347657993843,2.9155347657993844,2.097882682499403,164927488.0,186646528.0,1.1407995058068374,0.9857,0.9856229374705704,25.03354429500905,2.503354429500905,1.69191123550263,133660160,140509184,0.993045364018785,0.0,1.0,0.0,1.0,-4.121803362984792,0.858626163154166,-0.4121803362984795,0.8586261631541658,-0.405971446996773,0.8064851526811302,-31267328.0,0.8104177273348152,-46137344.0,0.7528089887640449,-0.14775414178805246,0.8704819374167309
MNIST,lenet_classic,bp,1,0.9857,0.9856229374705704,25.556942749000882,2.5556942749000884,1.7391832855028042,129994240.0,138412032.0,1.0,0.9857,0.9856229374705704,25.208862758998293,2.520886275899829,1.703516250501707,129994240,138412032,1.0,0.0,1.0,0.0,1.0,-0.3480799900025886,0.9863802179540353,-0.034807999000259215,0.9863802179540352,-0.03566703500109725,0.9794920780929736,0.0,1.0,0.0,1.0,0.0,1.0
MNIST,lenet_classic,exact,2,0.9859,0.9858467534060436,29.303931281992845,2.9303931281992845,2.1112618209990615,164927488.0,186646528.0,1.1664786301080032,0.9859,0.9858467534060436,25.333612089008966,2.5333612089008968,1.7173441534978338,133660160,140509184,0.988865638847991,0.0,1.0,0.0,1.0,-3.9703191929838795,0.8645124043331475,-0.39703191929838777,0.8645124043331475,-0.3939176675012277,0.8134207403443579,-31267328.0,0.8104177273348152,-46137344.0,0.7528089887640449,-0.1776129912600123,0.8477357521384106
MNIST,lenet_classic,bp,2,0.9859,0.9858467534060436,25.121704354995018,2.5121704354995016,1.700824500499948,129994240.0,138412032.0,1.0,0.9859,0.9858467534060436,25.61886174801475,2.561886174801475,1.7451821440008644,129994240,138412032,1.0,0.0,1.0,0.0,1.0,0.4971573930197337,1.0197899547735456,0.04971573930197337,1.0197899547735456,0.04435764350091631,1.0260800826233851,0.0,1.0,0.0,1.0,0.0,1.0
MNIST,lenet_classic,strict,2,0.9852,0.9850789395725054,125.96233441299773,12.596233441299773,11.777232967999225,156862464.0,188743680.0,5.014083942435708,0.9852,0.9850789395725054,94.72265821699693,9.472265821699693,8.647216901998036,156148736,167772160,3.6973796552197387,0.0,1.0,0.0,1.0,-31.2396761960008,0.7519919240812573,-3.12396761960008,0.7519919240812573,-3.1300160660011898,0.7342316251613614,-713728.0,0.9954499758463567,-20971520.0,0.8888888888888888,-1.3167042872159698,0.7373988344965062
MNIST,lenet_classic,fixedpred,2,0.9866,0.9865723906939363,67.9932289640019,6.79932289640019,5.951980243498838,160873472.0,174063616.0,2.706553186168781,0.9866,0.9865723906939363,47.2333471540187,4.7233347154018706,3.8995779260003474,163132416,195035136,1.8436942132169043,0.0,1.0,0.0,1.0,-20.7598818099832,0.6946772182127983,-2.075988180998319,0.6946772182127984,-2.0524023174984904,0.6551731972329268,2258944.0,1.0140417433148954,20971520.0,1.1204819277108433,-0.8628589729518765,0.6811963728031212
MNIST,lenet_classic,bp,3,0.9842,0.9841633316280894,25.50891868400504,2.550891868400504,1.7398501330008003,129994240.0,138412032.0,1.0,0.9842,0.9841633316280894,25.605053570012387,2.560505357001239,1.7442674140002055,129994240,138412032,1.0,0.0,1.0,0.0,1.0,0.09613488600734854,1.0037686774260497,0.009613488600734854,1.0037686774260497,0.004417280999405193,1.0025388859164477,0.0,1.0,0.0,1.0,0.0,1.0
MNIST,lenet_classic,exact,3,0.9842,0.9841633316280894,29.345428069002082,2.9345428069002084,2.108975143000862,164927488.0,186646528.0,1.1503987461217893,0.9842,0.9841633316280894,25.49218438299431,2.549218438299431,1.7269158224989951,133660160,140509184,0.9955919175599669,0.0,1.0,0.0,1.0,-3.8532436860077723,0.8686935601366129,-0.38532436860077723,0.8686935601366129,-0.38205932050186675,0.8188412406045553,-31267328.0,0.8104177273348152,-46137344.0,0.7528089887640449,-0.15480682856182237,0.8654320259964596
MNIST,lenet_classic,strict,3,0.9856,0.9855359363636061,126.85430252800143,12.685430252800142,11.896638110498316,156862464.0,188743680.0,4.972939233505942,0.9856,0.9855359363636061,94.21228557900758,9.421228557900758,8.59785614300199,156148736,167772160,3.6794410650772953,0.0,1.0,0.0,1.0,-32.64201694899384,0.7426810419631723,-3.264201694899384,0.7426810419631723,-3.298781967496325,0.7227130945014391,-713728.0,0.9954499758463567,-20971520.0,0.8888888888888888,-1.2934981684286466,0.7398926253283965
MNIST,lenet_classic,fixedpred,3,0.9858,0.9857326666662191,68.41456219699103,6.8414562196991024,6.017277083499721,160873472.0,174063616.0,2.6819859769238,0.9858,0.9857326666662191,47.084729542992136,4.708472954299213,3.865446396997868,163132416,195035136,1.8388842426846506,0.0,1.0,0.0,1.0,-21.329832653998892,0.6882267171047247,-2.132983265399889,0.6882267171047247,-2.151830686501853,0.6423912915025142,2258944.0,1.0140417433148954,20971520.0,1.1204819277108433,-0.8431017342391496,0.6856427507476474
MNIST,lenet_classic,exact,4,0.986,0.9859461202317823,30.028924300993822,3.002892430099382,2.174651935498332,164927488.0,186646528.0,1.1641597177657659,0.986,0.9859461202317823,25.01103449999937,2.501103449999937,1.682907823495043,133660160,140509184,0.9910945874446242,0.0,1.0,0.0,1.0,-5.017889800994453,0.8328981168057231,-0.5017889800994451,0.8328981168057231,-0.49174411200328905,0.7738745663265862,-31267328.0,0.8104177273348152,-46137344.0,0.7528089887640449,-0.17306513032114168,0.8513390150165262
MNIST,lenet_classic,fixedpred,4,0.9829,0.9827440807474968,68.36884222099616,6.8368842220996155,5.999476363500435,160873472.0,174063616.0,2.650519587920534,0.9829,0.9827440807474968,47.14103675599472,4.714103675599472,3.872602644998551,163132416,195035136,1.868024546341561,0.0,1.0,0.0,1.0,-21.22780546500144,0.6895105317655599,-2.1227805465001435,0.6895105317655599,-2.1268737185018836,0.6454901078631894,2258944.0,1.0140417433148954,20971520.0,1.1204819277108433,-0.7824950415789731,0.7047767369291997
MNIST,lenet_classic,bp,4,0.986,0.9859461202317823,25.794505549998576,2.5794505549998576,1.7542572350012051,129994240.0,138412032.0,1.0,0.986,0.9859461202317823,25.235769437997078,2.523576943799708,1.7130831880022015,129994240,138412032,1.0,0.0,1.0,0.0,1.0,-0.5587361120014975,0.9783389485439651,-0.055873611200149664,0.9783389485439651,-0.04117404699900362,0.9765290710065246,0.0,1.0,0.0,1.0,0.0,1.0
MNIST,lenet_classic,strict,4,0.9838,0.9836946386512369,126.9438946030059,12.69438946030059,11.869678608502,156862464.0,188743680.0,4.921354059566879,0.9838,0.9836946386512369,93.63455601401802,9.363455601401801,8.548191029498412,156148736,167772160,3.710390374427578,0.0,1.0,0.0,1.0,-33.309338588987885,0.7376058242646736,-3.3309338588987885,0.7376058242646736,-3.3214875790035876,0.720170386363749,-713728.0,0.9954499758463567,-20971520.0,0.8888888888888888,-1.2109636851393013,0.7539368900343097
MNIST,lenet_classic,bp,5,0.9853,0.9852099099175344,25.259033408005052,2.525903340800505,1.7121921124999062,129994240.0,138412032.0,1.0,0.9853,0.9852099099175344,24.807693493989063,2.4807693493989063,1.6693815714970697,129994240,138412032,1.0,0.0,1.0,0.0,1.0,-0.45133991401598905,0.9821315445161511,-0.045133991401598905,0.9821315445161511,-0.042810541002836544,0.9749966486293816,0.0,1.0,0.0,1.0,0.0,1.0
MNIST,lenet_classic,exact,5,0.9853,0.9852099099175344,29.325054787997942,2.9325054787997944,2.1173895460015046,164927488.0,186646528.0,1.1609729602204133,0.9853,0.9852099099175344,25.194131183001446,2.5194131183001445,1.7017904770000314,133660160,140509184,1.0155773324555954,0.0,1.0,0.0,1.0,-4.130923604996497,0.85913330307955,-0.4130923604996499,0.8591333030795499,-0.41559906900147325,0.8037210159149535,-31267328.0,0.8104177273348152,-46137344.0,0.7528089887640449,-0.14539562776481785,0.8747639843935606
MNIST,lenet_classic,strict,5,0.9839,0.9837645471152762,128.59014204799678,12.859014204799678,12.067806648499754,156862464.0,188743680.0,5.090857594227821,0.9839,0.9837645471152762,94.09449836299609,9.40944983629961,8.608703234498535,156148736,167772160,3.7929563417814443,0.0,1.0,0.0,1.0,-34.49564368500069,0.7317395942207991,-3.4495643685000683,0.7317395942207993,-3.45910341400122,0.7133610510381149,-713728.0,0.9954499758463567,-20971520.0,0.8888888888888888,-1.297901252446377,0.7450525322260085
MNIST,lenet_classic,fixedpred,5,0.9849,0.984822753501646,68.81740478099891,6.881740478099891,6.0574482814990915,160873472.0,174063616.0,2.7244670716176103,0.9849,0.984822753501646,47.11900132600567,4.711900132600567,3.8745021620015905,163132416,195035136,1.8993705052596956,0.0,1.0,0.0,1.0,-21.69840345499324,0.6846959933457945,-2.169840345499324,0.6846959933457945,-2.182946119497501,0.6396261234017061,2258944.0,1.0140417433148954,20971520.0,1.1204819277108433,-0.8250965663579146,0.6971530414320529
MNIST,lenet_classic,exact,6,0.9841,0.9840427426629328,29.99514713499957,2.999514713499957,2.1702503679989604,164927488.0,186646528.0,1.1817145472160142,0.9841,0.9840427426629328,25.1441719279901,2.51441719279901,1.700113261500519,133660160,140509184,1.0006854771623213,0.0,1.0,0.0,1.0,-4.850975207009469,0.8382746653924844,-0.4850975207009469,0.8382746653924844,-0.4701371064984414,0.783371949416176,-31267328.0,0.8104177273348152,-46137344.0,0.7528089887640449,-0.18102907005369295,0.846808122587492
MNIST,lenet_classic,bp,6,0.9841,0.9840427426629328,25.382734947001154,2.5382734947001153,1.73435592649912,129994240.0,138412032.0,1.0,0.9841,0.9840427426629328,25.126947978991666,2.5126947978991665,1.7010999434969563,129994240,138412032,1.0,0.0,1.0,0.0,1.0,-0.2557869680094882,0.9899227971870026,-0.02557869680094882,0.9899227971870026,-0.0332559830021637,0.980825168297898,0.0,1.0,0.0,1.0,0.0,1.0
MNIST,lenet_classic,strict,6,0.9838,0.9837481875510683,130.45047090499793,13.045047090499793,12.211102296998433,156862464.0,188743680.0,5.139338655876798,0.9838,0.9837481875510683,93.90587150699866,9.390587150699867,8.557755437501328,156148736,167772160,3.7372573694788644,0.0,1.0,0.0,1.0,-36.544599397999264,0.7198584325187044,-3.654459939799926,0.7198584325187044,-3.6533468594971055,0.7008176026504076,-713728.0,0.9954499758463567,-20971520.0,0.8888888888888888,-1.4020812863979333,0.7271864377346172
MNIST,lenet_classic,fixedpred,6,0.9857,0.9856341730102418,68.23454880000645,6.823454880000645,5.985389643999952,160873472.0,174063616.0,2.6882268180509064,0.9857,0.9856341730102418,47.270443232991965,4.7270443232991965,3.8645364420008264,163132416,195035136,1.8812648186526357,0.0,1.0,0.0,1.0,-20.964105567014485,0.6927640625504876,-2.096410556701448,0.6927640625504876,-2.1208532019991253,0.6456616313818144,2258944.0,1.0140417433148954,20971520.0,1.1204819277108433,-0.8069619993982706,0.699816252862414
MNIST,lenet_classic,fixedpred,7,0.9846,0.9845298869252701,68.20794191499954,6.820794191499954,5.98179249450186,160873472.0,174063616.0,2.653396255331506,0.9846,0.9845298869252701,46.95707963301538,4.695707963301539,3.862099941499764,163132416,195035136,1.863863245982233,0.0,1.0,0.0,1.0,-21.250862281984155,0.6884400601257418,-2.1250862281984153,0.6884400601257418,-2.1196925530020962,0.6456425803886706,2258944.0,1.0140417433148954,20971520.0,1.1204819277108433,-0.789533009349273,0.7024443643640285
MNIST,lenet_classic,exact,7,0.9843,0.9842220913170305,29.95817648200682,2.995817648200682,2.162391000001662,164927488.0,186646528.0,1.1654201997910822,0.9843,0.9842220913170305,25.287319372007914,2.5287319372007913,1.7133184560007066,133660160,140509184,1.0037273513440907,0.0,1.0,0.0,1.0,-4.670857109998906,0.8440874025558842,-0.46708571099989094,0.8440874025558841,-0.44907254400095553,0.792325928104302,-31267328.0,0.8104177273348152,-46137344.0,0.7528089887640449,-0.1616928484469915,0.8612578978157602
MNIST,lenet_classic,strict,7,0.9846,0.9845444481244096,128.8154668129937,12.881546681299369,12.058702207998067,156862464.0,188743680.0,5.011124330599584,0.9846,0.9845444481244096,93.53744768400065,9.353744768400066,8.533422269501898,156148736,167772160,3.712773712158542,0.0,1.0,0.0,1.0,-35.27801912899304,0.7261352227197416,-3.527801912899303,0.7261352227197416,-3.525279938496169,0.7076567712105878,-713728.0,0.9954499758463567,-20971520.0,0.8888888888888888,-1.298350618441042,0.7409063250510702
MNIST,lenet_classic,bp,7,0.9843,0.9842220913170305,25.70590117399479,2.5705901173994787,1.7634316540006694,129994240.0,138412032.0,1.0,0.9843,0.9842220913170305,25.193414663997828,2.5193414663997826,1.6973335459988448,129994240,138412032,1.0,0.0,1.0,0.0,1.0,-0.5124865099969611,0.9800634684414249,-0.05124865099969611,0.9800634684414249,-0.06609810800182458,0.9625173406341727,0.0,1.0,0.0,1.0,0.0,1.0
MNIST,lenet_classic,strict,8,0.9843,0.9842089062237832,130.1984576050054,13.019845760500539,12.214851232502042,156862464.0,188743680.0,5.095610807136755,0.9843,0.9842089062237832,93.77663023698551,9.37766302369855,8.558681600501586,156148736,167772160,3.7082193342325405,0.0,1.0,0.0,1.0,-36.421827368019876,0.7202591487026981,-3.6421827368019883,0.720259148702698,-3.6561696320004557,0.7006783330875214,-713728.0,0.9954499758463567,-20971520.0,0.8888888888888888,-1.387391472904215,0.7277281320305944
MNIST,lenet_classic,exact,8,0.9845,0.9843981527237077,29.27147258399782,2.927147258399782,2.103687232500306,164927488.0,186646528.0,1.1456052151733964,0.9845,0.9843981527237077,25.28422432698426,2.528422432698426,1.719837031498173,133660160,140509184,0.9998167908513419,0.0,1.0,0.0,1.0,-3.9872482570135617,0.8637838173131981,-0.39872482570135626,0.863783817313198,-0.38385020100213296,0.8175345673672633,-31267328.0,0.8104177273348152,-46137344.0,0.7528089887640449,-0.14578842432205452,0.8727411307219055
MNIST,lenet_classic,fixedpred,8,0.985,0.9849081533197659,68.75802576899878,6.875802576899877,6.042877007999778,160873472.0,174063616.0,2.691000689492255,0.985,0.9849081533197659,46.59146920598869,4.659146920598869,3.8134791304983082,163132416,195035136,1.8423714574018275,0.0,1.0,0.0,1.0,-22.16655656301009,0.6776149938120472,-2.2166556563010085,0.6776149938120473,-2.2293978775014693,0.6310701219716847,2258944.0,1.0140417433148954,20971520.0,1.1204819277108433,-0.8486292320904276,0.6846417634138365
MNIST,lenet_classic,bp,8,0.9845,0.9843981527237077,25.55109927599915,2.555109927599915,1.7392175100012537,129994240.0,138412032.0,1.0,0.9845,0.9843981527237077,25.28885747703316,2.528885747703316,1.7196466420064098,129994240,138412032,1.0,0.0,1.0,0.0,1.0,-0.262241798965988,0.989736574691629,-0.026224179896598976,0.989736574691629,-0.019570867994843866,0.9887473143052534,0.0,1.0,0.0,1.0,0.0,1.0
MNIST,lenet_classic,bp,9,0.9838,0.9837274627679967,25.317288007998286,2.5317288007998284,1.718769732498913,129994240.0,138412032.0,1.0,0.9838,0.9837274627679967,25.26484217502002,2.526484217502002,1.7163920120001421,129994240,138412032,1.0,0.0,1.0,0.0,1.0,-0.05244583297826466,0.9979284577020376,-0.0052445832978262885,0.9979284577020376,-0.002377720498770941,0.9986166148647998,0.0,1.0,0.0,1.0,0.0,1.0
MNIST,lenet_classic,exact,9,0.9838,0.9837274627679967,29.306052329007798,2.93060523290078,2.1066213630001585,164927488.0,186646528.0,1.1575510109830631,0.9838,0.9837274627679967,25.433911165979225,2.5433911165979226,1.727087979503267,133660160,140509184,1.006691868082452,0.0,1.0,0.0,1.0,-3.872141163028573,0.8678723043432282,-0.3872141163028573,0.8678723043432282,-0.3795333834968915,0.8198378739706804,-31267328.0,0.8104177273348152,-46137344.0,0.7528089887640449,-0.1508591429006112,0.8696738705515082
MNIST,lenet_classic,fixedpred,9,0.9839,0.9837963010737166,68.74467543899664,6.874467543899664,6.035379662000196,160873472.0,174063616.0,2.715325409944331,0.9839,0.9837963010737166,46.71784727102204,4.671784727102204,3.832672733500658,163132416,195035136,1.8491248410493986,0.0,1.0,0.0,1.0,-22.0268281679746,0.6795849565466202,-2.20268281679746,0.6795849565466202,-2.2027069284995378,0.635034239458345,2258944.0,1.0140417433148954,20971520.0,1.1204819277108433,-0.8662005688949324,0.6809956678773573
MNIST,lenet_classic,strict,9,0.9848,0.9847133640591442,129.58217002800666,12.958217002800666,12.159324562500842,156862464.0,188743680.0,5.118327444356157,0.9848,0.9847133640591442,94.36420957201335,9.436420957201335,8.61789445499744,156148736,167772160,3.735000951848953,0.0,1.0,0.0,1.0,-35.21796045599331,0.7282190871754839,-3.5217960455993307,0.7282190871754839,-3.541430107503402,0.7087477935719296,-713728.0,0.9954499758463567,-20971520.0,0.8888888888888888,-1.3833264925072042,0.7297307553012143
FashionMNIST,lenet_classic,bp,0,0.8738,0.8745241432543246,25.707992495001236,2.5707992495001237,1.7608451255000546,129994240.0,138412032.0,1.0,0.8738,0.8745241432543246,25.691965453966986,2.5691965453966987,1.7189631439905497,129994240,138412032,1.0,0.0,1.0,0.0,1.0,-0.016027041034249123,0.9993765736069292,-0.0016027041034250011,0.9993765736069292,-0.04188198150950484,0.9762148408721574,0.0,1.0,0.0,1.0,0.0,1.0
FashionMNIST,lenet_classic,strict,0,0.8746,0.874848011497737,128.73818698099785,12.873818698099786,12.069594996000887,156862464.0,188743680.0,5.007710617856692,0.8746,0.874848011497737,94.07987100900209,9.40798710090021,8.591705451501184,156148736,167772160,3.661840164683688,0.0,1.0,0.0,1.0,-34.65831597199576,0.7307844953796698,-3.4658315971995766,0.7307844953796698,-3.4778895444997033,0.7118470383097313,-713728.0,0.9954499758463567,-20971520.0,0.8888888888888888,-1.3458704531730046,0.7312403699259604
FashionMNIST,lenet_classic,exact,0,0.8738,0.8745241432543246,29.881808098005422,2.988180809800542,2.157223550000708,164927488.0,186646528.0,1.1623547853382858,0.8738,0.8745241432543246,25.633436697011348,2.5633436697011347,1.744582821505901,133660160,140509184,0.997721904263786,0.0,1.0,0.0,1.0,-4.248371400994074,0.857827498688821,-0.4248371400994073,0.857827498688821,-0.41264072849480726,0.8087167514490227,-31267328.0,0.8104177273348152,-46137344.0,0.7528089887640449,-0.1646328810744998,0.8583626246038245
FashionMNIST,lenet_classic,fixedpred,0,0.8737,0.8745827343440112,69.40550952500053,6.940550952500052,6.092645963499308,160873472.0,174063616.0,2.6997638784318148,0.8737,0.8745827343440112,47.485155931994086,4.748515593199409,3.911105126491748,163132416,195035136,1.8482492519723557,0.0,1.0,0.0,1.0,-21.92035359300644,0.6841698340228952,-2.192035359300643,0.6841698340228953,-2.18154083700756,0.641938683114521,2258944.0,1.0140417433148954,20971520.0,1.1204819277108433,-0.8515146264594591,0.6845966296304142
FashionMNIST,lenet_classic,strict,1,0.8689,0.8692297737731829,126.68590123299509,12.66859012329951,11.844016820499746,156862464.0,188743680.0,4.966401481695232,0.8689,0.8692297737731829,93.5577082009986,9.35577082009986,8.514541840995662,156148736,167772160,3.6767100336049263,0.0,1.0,0.0,1.0,-33.12819303199649,0.7385013430099961,-3.3128193031996496,0.7385013430099961,-3.3294749795040843,0.7188897119986022,-713728.0,0.9954499758463567,-20971520.0,0.8888888888888888,-1.2896914480903061,0.7403167156655078
FashionMNIST,lenet_classic,fixedpred,1,0.8717,0.8727044057828321,68.734543716997,6.873454371699699,6.034988368499398,160873472.0,174063616.0,2.694564560360346,0.8717,0.8727044057828321,46.75595694502408,4.675595694502408,3.8444715200021164,163132416,195035136,1.837455184999231,0.0,1.0,0.0,1.0,-21.978586771972914,0.6802395770245298,-2.197858677197291,0.6802395770245298,-2.190516848497282,0.637030477153686,2258944.0,1.0140417433148954,20971520.0,1.1204819277108433,-0.8571093753611148,0.6819117315019935
FashionMNIST,lenet_classic,bp,1,0.8698,0.8706011483907435,25.508590414996434,2.5508590414996433,1.7407938999986072,129994240.0,138412032.0,1.0,0.8698,0.8706011483907435,25.44603935199848,2.5446039351998477,1.7279551415049355,129994240,138412032,1.0,0.0,1.0,0.0,1.0,-0.06255106299795443,0.9975478432175076,-0.006255106299795532,0.9975478432175076,-0.012838758493671776,0.9926247682200161,0.0,1.0,0.0,1.0,0.0,1.0
FashionMNIST,lenet_classic,exact,1,0.8698,0.8706011483907435,29.41688900299414,2.9416889002994138,2.123455495999224,164927488.0,186646528.0,1.1532149963762806,0.8698,0.8706011483907435,25.262019419984426,2.5262019419984427,1.7169664749962976,133660160,140509184,0.9927682288992609,0.0,1.0,0.0,1.0,-4.154869583009713,0.8587590420391898,-0.41548695830097104,0.85875904203919,-0.40648902100292617,0.8085719141424027,-31267328.0,0.8104177273348152,-46137344.0,0.7528089887640449,-0.1604467674770197,0.8608700303228907
FashionMNIST,lenet_classic,fixedpred,2,0.8698,0.8704913747740273,68.15803728799801,6.815803728799802,5.986283326499688,160873472.0,174063616.0,2.6770198139926906,0.8698,0.8704913747740273,47.00466121597856,4.700466121597856,3.860300606000237,163132416,195035136,1.8747039778657162,0.0,1.0,0.0,1.0,-21.153376072019455,0.6896422356964735,-2.115337607201946,0.6896422356964735,-2.125982720499451,0.6448576513095714,2258944.0,1.0140417433148954,20971520.0,1.1204819277108433,-0.8023158361269744,0.7002951446480533
FashionMNIST,lenet_classic,bp,2,0.8735,0.8742037155835991,25.46041569499721,2.546041569499721,1.7229868079994048,129994240.0,138412032.0,1.0,0.8735,0.8742037155835991,25.07311115298944,2.5073111152989442,1.689313940500142,129994240,138412032,1.0,0.0,1.0,0.0,1.0,-0.38730454200776876,0.9847879725670045,-0.0387304542007767,0.9847879725670045,-0.03367286749926279,0.9804566887320739,0.0,1.0,0.0,1.0,0.0,1.0
FashionMNIST,lenet_classic,exact,2,0.8735,0.8742037155835991,29.869570955997915,2.9869570955997915,2.1746787049996783,164927488.0,186646528.0,1.1731768763644763,0.8735,0.8742037155835991,25.07257116198889,2.507257116198889,1.6929605650002486,133660160,140509184,0.9999784633427716,0.0,1.0,0.0,1.0,-4.796999794009025,0.8394017844757234,-0.4796999794009027,0.8394017844757233,-0.4817181399994297,0.7784876731942335,-31267328.0,0.8104177273348152,-46137344.0,0.7528089887640449,-0.1731984130217047,0.8523680303362062
FashionMNIST,lenet_classic,strict,2,0.8721,0.87246047470754,129.49053070399896,12.949053070399895,12.136901840000064,156862464.0,188743680.0,5.085955086328104,0.8721,0.87246047470754,94.42653634998715,9.442653634998715,8.603482270998938,156148736,167772160,3.7660478499784724,0.0,1.0,0.0,1.0,-35.06399435401181,0.7292157645552922,-3.50639943540118,0.7292157645552924,-3.5334195690011256,0.7088697251092617,-713728.0,0.9954499758463567,-20971520.0,0.8888888888888888,-1.3199072363496316,0.7404799661133928
FashionMNIST,lenet_classic,bp,3,0.8726,0.8737630078898226,25.73360284199589,2.573360284199589,1.7580737474982016,129994240.0,138412032.0,1.0,0.8726,0.8737630078898226,25.84409733802022,2.5844097338020218,1.761102975004178,129994240,138412032,1.0,0.0,1.0,0.0,1.0,0.11049449602433015,1.0042937825963494,0.011049449602432926,1.0042937825963494,0.0030292275059764506,1.0017230377908135,0.0,1.0,0.0,1.0,0.0,1.0
FashionMNIST,lenet_classic,strict,3,0.8707,0.8713053572035567,127.849062846999,12.7849062846999,11.959605433001343,156862464.0,188743680.0,4.968175798468298,0.8707,0.8713053572035567,93.70797665299324,9.370797665299325,8.561828014499042,156148736,167772160,3.6258947421288314,0.0,1.0,0.0,1.0,-34.141086194005766,0.7329578689609678,-3.414108619400576,0.7329578689609679,-3.397777418502301,0.71589552535517,-713728.0,0.9954499758463567,-20971520.0,0.8888888888888888,-1.3422810563394667,0.7298241626728877
FashionMNIST,lenet_classic,exact,3,0.8726,0.8737630078898226,29.569866764992184,2.9569866764992185,2.1468452629997046,164927488.0,186646528.0,1.1490760522943844,0.8726,0.8737630078898226,25.636398967006244,2.563639896700624,1.7319460764992982,133660160,140509184,0.9919634116720175,0.0,1.0,0.0,1.0,-3.9334677979859407,0.8669771551814098,-0.39334677979859434,0.8669771551814098,-0.41489918650040636,0.8067400601007063,-31267328.0,0.8104177273348152,-46137344.0,0.7528089887640449,-0.15711264062236685,0.8632704595064384
FashionMNIST,lenet_classic,fixedpred,3,0.873,0.8739274868035043,69.1626216010045,6.91626216010045,6.079269679499703,160873472.0,174063616.0,2.6876384945264924,0.873,0.8739274868035043,47.26359323604265,4.726359323604266,3.8909331030081376,163132416,195035136,1.8287964411320883,0.0,1.0,0.0,1.0,-21.89902836496185,0.6833690242209703,-2.1899028364961843,0.6833690242209705,-2.188336576491565,0.6400329822723614,2258944.0,1.0140417433148954,20971520.0,1.1204819277108433,-0.8588420533944041,0.6804473313120503
FashionMNIST,lenet_classic,bp,4,0.8694,0.8698490163110743,25.71963293099543,2.571963293099543,1.7419203414992808,129994240.0,138412032.0,1.0,0.8694,0.8698490163110743,25.59481818600034,2.559481818600034,1.7468306099981419,129994240,138412032,1.0,0.0,1.0,0.0,1.0,-0.12481474499509204,0.9951471023972246,-0.012481474499509204,0.9951471023972246,0.0049102684988611145,1.0028188823460404,0.0,1.0,0.0,1.0,0.0,1.0
FashionMNIST,lenet_classic,strict,4,0.8707,0.8707543902412211,127.86590198299746,12.786590198299745,11.98356340349892,156862464.0,188743680.0,4.971529038771886,0.8707,0.8707543902412211,94.8177275449998,9.48177275449998,8.680723388999468,156148736,167772160,3.7045673407776927,0.0,1.0,0.0,1.0,-33.04817443799766,0.7415403643545867,-3.304817443799765,0.7415403643545867,-3.302840014499452,0.7243858188679421,-713728.0,0.9954499758463567,-20971520.0,0.8888888888888888,-1.266961697994193,0.7451565327058474
FashionMNIST,lenet_classic,exact,4,0.8694,0.8698490163110743,29.70381255800021,2.970381255800021,2.146356270501201,164927488.0,186646528.0,1.154908106102997,0.8694,0.8698490163110743,25.40460465195065,2.540460465195065,1.734480209495814,133660160,140509184,0.9925682795373897,0.0,1.0,0.0,1.0,-4.29920790604956,0.855264104644653,-0.4299207906049558,0.8552641046446531,-0.4118760610053869,0.8081045226898848,-31267328.0,0.8104177273348152,-46137344.0,0.7528089887640449,-0.16233982656560741,0.8594348539873097
FashionMNIST,lenet_classic,fixedpred,4,0.8737,0.874475970134015,69.08589934599877,6.908589934599877,6.0845763360011915,160873472.0,174063616.0,2.686115292988551,0.8737,0.874475970134015,47.93446616802248,4.793446616802248,3.957120452003437,163132416,195035136,1.8728191706492103,0.0,1.0,0.0,1.0,-21.151433177976287,0.6938386359849666,-2.115143317797629,0.6938386359849665,-2.1274558839977544,0.6503526677099877,2258944.0,1.0140417433148954,20971520.0,1.1204819277108433,-0.8132961223393405,0.697222183849572
FashionMNIST,lenet_classic,fixedpred,5,0.8733,0.874480014414884,70.07619065999461,7.007619065999461,6.1592546424999455,160873472.0,174063616.0,2.748422825856049,0.8733,0.874480014414884,47.72414557500451,4.7724145575004515,3.928789688499819,163132416,195035136,1.8541310385673644,0.0,1.0,0.0,1.0,-22.352045084990095,0.6810322468377191,-2.2352045084990095,0.6810322468377191,-2.2304649540001265,0.6378677155820894,2258944.0,1.0140417433148954,20971520.0,1.1204819277108433,-0.8942917872886846,0.674616373115683
FashionMNIST,lenet_classic,strict,5,0.8733,0.8736595307649649,128.42785234900293,12.842785234900294,12.05923102899942,156862464.0,188743680.0,5.037003831790437,0.8733,0.8736595307649649,94.70966562799003,9.470966562799003,8.657300139500876,156148736,167772160,3.679565732972818,0.0,1.0,0.0,1.0,-33.7181867210129,0.7374542507385107,-3.3718186721012913,0.7374542507385106,-3.4019308894985443,0.7178981909113644,-713728.0,0.9954499758463567,-20971520.0,0.8888888888888888,-1.3574380988176187,0.7305068361770318
FashionMNIST,lenet_classic,bp,5,0.8735,0.8744825223737033,25.4968740620061,2.54968740620061,1.7432560324996302,129994240.0,138412032.0,1.0,0.8735,0.8744825223737033,25.73935961499228,2.5739359614992283,1.7464867224916816,129994240,138412032,1.0,0.0,1.0,0.0,1.0,0.24248555298618157,1.0095104032124282,0.024248555298618246,1.0095104032124282,0.0032306899920513388,1.001853250430127,0.0,1.0,0.0,1.0,0.0,1.0
FashionMNIST,lenet_classic,exact,5,0.8735,0.8744825223737033,29.420952489006595,2.9420952489006593,2.1283779370005504,164927488.0,186646528.0,1.153904294991515,0.8735,0.8744825223737033,25.820269198025926,2.5820269198025927,1.7560977684988757,133660160,140509184,1.003143418649255,0.0,1.0,0.0,1.0,-3.600683290980669,0.8776149992993566,-0.36006832909806663,0.8776149992993567,-0.3722801685016748,0.8250873766215053,-31267328.0,0.8104177273348152,-46137344.0,0.7528089887640449,-0.1507608763422601,0.8693471573018379
FashionMNIST,lenet_classic,bp,6,0.8708,0.8714488612739283,25.684650543000316,2.568465054300032,1.7590232379989175,129994240.0,138412032.0,1.0,0.8708,0.8714488612739283,25.413425174017902,2.54134251740179,1.7260947985050734,129994240,138412032,1.0,0.0,1.0,0.0,1.0,-0.2712253689824138,0.9894401767885322,-0.027122536898241734,0.989440176788532,-0.03292843949384405,0.9812802703326968,0.0,1.0,0.0,1.0,0.0,1.0
FashionMNIST,lenet_classic,strict,6,0.8729,0.8726537701590675,128.6849776190029,12.86849776190029,12.043545487500523,156862464.0,188743680.0,5.010189934395375,0.8729,0.8726537701590675,93.90255387002253,9.390255387002252,8.608234853505564,156148736,167772160,3.6949979480147497,0.0,1.0,0.0,1.0,-34.782423748980364,0.7297087477299755,-3.478242374898038,0.7297087477299754,-3.435310633994959,0.7147591930000746,-713728.0,0.9954499758463567,-20971520.0,0.8888888888888888,-1.3151919863806252,0.7374965812470059
FashionMNIST,lenet_classic,fixedpred,6,0.8743,0.8748254820796506,68.99162362500647,6.899162362500647,6.055439358500735,160873472.0,174063616.0,2.6861032627056063,0.8743,0.8748254820796506,47.98699756398855,4.798699756398856,3.9410607159952633,163132416,195035136,1.8882538357344034,0.0,1.0,0.0,1.0,-21.004626061017916,0.6955481700911202,-2.1004626061017913,0.6955481700911204,-2.1143786425054714,0.6508298543957395,2258944.0,1.0140417433148954,20971520.0,1.1204819277108433,-0.7978494269712029,0.7029714240518212
FashionMNIST,lenet_classic,exact,6,0.8708,0.8714488612739283,29.990557135995914,2.999055713599591,2.1745306569991953,164927488.0,186646528.0,1.1676451305337716,0.8708,0.8714488612739283,25.349272636012756,2.5349272636012756,1.7265712845037342,133660160,140509184,0.9974756437762379,0.0,1.0,0.0,1.0,-4.641284499983158,0.845241804647487,-0.4641284499983156,0.8452418046474871,-0.44795937249546114,0.7939972145006982,-31267328.0,0.8104177273348152,-46137344.0,0.7528089887640449,-0.17016948675753374,0.8542626673912961
FashionMNIST,lenet_classic,bp,7,0.8689,0.8693552801906936,25.656170308000583,2.565617030800058,1.7500893289998203,129994240.0,138412032.0,1.0,0.8689,0.8693552801906936,25.385549185972195,2.5385549185972196,1.7270556580042467,129994240,138412032,1.0,0.0,1.0,0.0,1.0,-0.2706211220283876,0.9894520063290975,-0.027062112202838495,0.9894520063290976,-0.02303367099557363,0.9868385741151068,0.0,1.0,0.0,1.0,0.0,1.0
FashionMNIST,lenet_classic,fixedpred,7,0.8738,0.8746606575566144,69.15661925699897,6.915661925699896,6.085678306999398,160873472.0,174063616.0,2.6955160659903035,0.8738,0.8746606575566144,46.465595104004024,4.646559510400403,3.8086133309989236,163132416,195035136,1.8303955042926727,0.0,1.0,0.0,1.0,-22.69102415299494,0.6718893376110414,-2.2691024152994936,0.6718893376110414,-2.2770649760004744,0.6258321815365224,2258944.0,1.0140417433148954,20971520.0,1.1204819277108433,-0.8651205616976307,0.6790519735300502
FashionMNIST,lenet_classic,exact,7,0.8689,0.8693552801906936,29.746997806010768,2.974699780601077,2.1541610105014115,164927488.0,186646528.0,1.1594480956783526,0.8689,0.8693552801906936,25.346601441997336,2.5346601441997336,1.7131753374924301,133660160,140509184,0.9984657513733687,0.0,1.0,0.0,1.0,-4.400396364013432,0.85207258921691,-0.44003963640134325,0.85207258921691,-0.4409856730089814,0.7952865775310195,-31267328.0,0.8104177273348152,-46137344.0,0.7528089887640449,-0.16098234430498393,0.8611560578649285
FashionMNIST,lenet_classic,strict,7,0.8711,0.871483894794116,128.22903189799763,12.822903189799764,12.027475587499794,156862464.0,188743680.0,4.997980226924627,0.8711,0.871483894794116,94.07605995898484,9.407605995898484,8.57498219650006,156148736,167772160,3.7058902791423693,0.0,1.0,0.0,1.0,-34.15297193901279,0.7336564783068747,-3.4152971939012797,0.7336564783068746,-3.4524933909997344,0.7129494576078853,-713728.0,0.9954499758463567,-20971520.0,0.8888888888888888,-1.2920899477822574,0.7414775791185332
FashionMNIST,lenet_classic,fixedpred,8,0.8756,0.8764972515635405,68.30848690999846,6.830848690999846,5.988919833998807,160873472.0,174063616.0,2.6937043881915006,0.8756,0.8764972515635405,47.62841400898469,4.762841400898469,3.9308779144921573,163132416,195035136,1.8700953165646965,0.0,1.0,0.0,1.0,-20.680072901013773,0.6972547067502561,-2.0680072901013773,0.6972547067502561,-2.0580419195066497,0.6563584124430509,2258944.0,1.0140417433148954,20971520.0,1.1204819277108433,-0.8236090716268041,0.6942466756050545
FashionMNIST,lenet_classic,exact,8,0.8726,0.8734536446163293,29.81804808099696,2.981804808099696,2.1670949425006256,164927488.0,186646528.0,1.1758569190518828,0.8726,0.8734536446163293,25.97421961600776,2.5974219616007757,1.779831739004294,133660160,140509184,1.0198589952240664,0.0,1.0,0.0,1.0,-3.843828464989201,0.8710905403818544,-0.3843828464989203,0.8710905403818543,-0.3872632034963317,0.8212984600252603,-31267328.0,0.8104177273348152,-46137344.0,0.7528089887640449,-0.1559979238278164,0.8673325629162426
FashionMNIST,lenet_classic,bp,8,0.8726,0.8734536446163293,25.358568375002505,2.5358568375002504,1.7299022545012122,129994240.0,138412032.0,1.0,0.8726,0.8734536446163293,25.46844194897858,2.546844194897858,1.7389902124996297,129994240,138412032,1.0,0.0,1.0,0.0,1.0,0.10987357397607411,1.0043327987744128,0.010987357397607589,1.0043327987744128,0.00908795799841755,1.0052534517339178,0.0,1.0,0.0,1.0,0.0,1.0
FashionMNIST,lenet_classic,strict,8,0.876,0.8749496061859213,126.92291284100793,12.692291284100794,11.851482983001915,156862464.0,188743680.0,5.005129270867027,0.876,0.8749496061859213,94.9311029099772,9.49311029099772,8.700095879998116,156148736,167772160,3.727401271744636,0.0,1.0,0.0,1.0,-31.99180993103073,0.7479429898437188,-3.1991809931030737,0.7479429898437188,-3.151387103003799,0.7340934372918815,-713728.0,0.9954499758463567,-20971520.0,0.8888888888888888,-1.2777279991223907,0.7447162840409409
FashionMNIST,lenet_classic,strict,9,0.8712,0.8712744785155158,128.21496410100008,12.821496410100007,11.981278481000118,156862464.0,188743680.0,5.0030590854061785,0.8712,0.8712744785155158,94.19445279298816,9.419445279298817,8.588671024997893,156148736,167772160,3.6970280089311562,0.0,1.0,0.0,1.0,-34.02051130801192,0.7346603686507872,-3.4020511308011905,0.7346603686507872,-3.3926074560022244,0.7168409480355362,-713728.0,0.9954499758463567,-20971520.0,0.8888888888888888,-1.3060310764750223,0.7389534974142743
FashionMNIST,lenet_classic,bp,9,0.873,0.8741093533042548,25.627313591998245,2.5627313591998244,1.7532700794981793,129994240.0,138412032.0,1.0,0.873,0.8741093533042548,25.478425525972852,2.5478425525972854,1.7288122134996229,129994240,138412032,1.0,0.0,1.0,0.0,1.0,-0.14888806602539262,0.9941902585500854,-0.014888806602538995,0.9941902585500855,-0.024457865998556372,0.9860501435092324,0.0,1.0,0.0,1.0,0.0,1.0
FashionMNIST,lenet_classic,exact,9,0.873,0.8741093533042548,29.568543554996722,2.9568543554996722,2.1320821725003043,164927488.0,186646528.0,1.153790210934519,0.873,0.8741093533042548,25.36470135199488,2.536470135199488,1.7290602934954222,133660160,140509184,0.9955364520518727,0.0,1.0,0.0,1.0,-4.203842203001841,0.8578272144117344,-0.4203842203001842,0.8578272144117344,-0.40302187900488207,0.8109726331362472,-31267328.0,0.8104177273348152,-46137344.0,0.7528089887640449,-0.15825375888264637,0.8628400922603878
FashionMNIST,lenet_classic,fixedpred,9,0.8732,0.8739377046844325,68.9707247510014,6.89707247510014,6.071462000500105,160873472.0,174063616.0,2.691297490211245,0.8732,0.8739377046844325,46.96375508300844,4.696375508300844,3.859644616000878,163132416,195035136,1.8432754031497478,0.0,1.0,0.0,1.0,-22.006969667992962,0.6809230329615547,-2.2006969667992964,0.6809230329615547,-2.211817384499227,0.6357026718907176,2258944.0,1.0140417433148954,20971520.0,1.1204819277108433,-0.8480220870614972,0.6849021372977484
