run_id,experiment_id,status,stage,dataset,model,method,eta,inference_steps,model_seed,split_seed,config_sha256,git_commit,torch2pc_commit,run_directory,started_utc,finished_utc,test_evaluated,notes
20260713T000145Z-eddfea47,pilot-fashionmnist-bp-s40-5051a3723e-6313c899-91107ec7,running,pilot,FashionMNIST,lenet_classic,bp,,,40,42,5051a3723ebc026e27b660c9e412d1000cae1529ae7b6df916f884f35322adea,6313c8995a3317de03806ea80576a7f779ee9823,00c6c50ee3540537bbb56ab2b6567b541f42b093,results/runs/pilot-fashionmnist-bp-s40-5051a3723e-6313c899-91107ec7/20260713T000145Z-eddfea47,2026-07-13T00:01:45Z,,false,
20260713T000145Z-eddfea47,pilot-fashionmnist-bp-s40-5051a3723e-6313c899-91107ec7,completed,pilot,FashionMNIST,lenet_classic,bp,,,40,42,5051a3723ebc026e27b660c9e412d1000cae1529ae7b6df916f884f35322adea,6313c8995a3317de03806ea80576a7f779ee9823,00c6c50ee3540537bbb56ab2b6567b541f42b093,results/runs/pilot-fashionmnist-bp-s40-5051a3723e-6313c899-91107ec7/20260713T000145Z-eddfea47,2026-07-13T00:01:45Z,2026-07-13T00:01:57Z,false,
20260713T000201Z-f7684ba7,pilot-fashionmnist-bp-s41-ff5e74ddbb-6313c899-91107ec7,running,pilot,FashionMNIST,lenet_classic,bp,,,41,42,ff5e74ddbb5ae4b30f27e42571070506f0489bd7878774d040ff655b413c2dd2,6313c8995a3317de03806ea80576a7f779ee9823,00c6c50ee3540537bbb56ab2b6567b541f42b093,results/runs/pilot-fashionmnist-bp-s41-ff5e74ddbb-6313c899-91107ec7/20260713T000201Z-f7684ba7,2026-07-13T00:02:01Z,,false,
20260713T000201Z-f7684ba7,pilot-fashionmnist-bp-s41-ff5e74ddbb-6313c899-91107ec7,completed,pilot,FashionMNIST,lenet_classic,bp,,,41,42,ff5e74ddbb5ae4b30f27e42571070506f0489bd7878774d040ff655b413c2dd2,6313c8995a3317de03806ea80576a7f779ee9823,00c6c50ee3540537bbb56ab2b6567b541f42b093,results/runs/pilot-fashionmnist-bp-s41-ff5e74ddbb-6313c899-91107ec7/20260713T000201Z-f7684ba7,2026-07-13T00:02:01Z,2026-07-13T00:02:12Z,false,
20260713T000216Z-6f0c1505,pilot-fashionmnist-bp-s42-68db89c75f-6313c899-91107ec7,running,pilot,FashionMNIST,lenet_classic,bp,,,42,42,68db89c75f1311473bdb185ba35a3e24e147b1e502cd8fecc9fb0508069ed754,6313c8995a3317de03806ea80576a7f779ee9823,00c6c50ee3540537bbb56ab2b6567b541f42b093,results/runs/pilot-fashionmnist-bp-s42-68db89c75f-6313c899-91107ec7/20260713T000216Z-6f0c1505,2026-07-13T00:02:16Z,,false,
20260713T000216Z-6f0c1505,pilot-fashionmnist-bp-s42-68db89c75f-6313c899-91107ec7,completed,pilot,FashionMNIST,lenet_classic,bp,,,42,42,68db89c75f1311473bdb185ba35a3e24e147b1e502cd8fecc9fb0508069ed754,6313c8995a3317de03806ea80576a7f779ee9823,00c6c50ee3540537bbb56ab2b6567b541f42b093,results/runs/pilot-fashionmnist-bp-s42-68db89c75f-6313c899-91107ec7/20260713T000216Z-6f0c1505,2026-07-13T00:02:16Z,2026-07-13T00:02:28Z,false,
20260713T000232Z-7b0cdae2,pilot-fashionmnist-fixedpred-s40-0735372eed-6313c899-91107ec7,running,pilot,FashionMNIST,lenet_classic,fixedpred,0.1,1,40,42,0735372eed6ed7d7cee1b7650a8eb65f7825a2b9bc57f1ff484d18a0f4eae716,6313c8995a3317de03806ea80576a7f779ee9823,00c6c50ee3540537bbb56ab2b6567b541f42b093,results/runs/pilot-fashionmnist-fixedpred-s40-0735372eed-6313c899-91107ec7/20260713T000232Z-7b0cdae2,2026-07-13T00:02:32Z,,false,
20260713T000232Z-7b0cdae2,pilot-fashionmnist-fixedpred-s40-0735372eed-6313c899-91107ec7,completed,pilot,FashionMNIST,lenet_classic,fixedpred,0.1,1,40,42,0735372eed6ed7d7cee1b7650a8eb65f7825a2b9bc57f1ff484d18a0f4eae716,6313c8995a3317de03806ea80576a7f779ee9823,00c6c50ee3540537bbb56ab2b6567b541f42b093,results/runs/pilot-fashionmnist-fixedpred-s40-0735372eed-6313c899-91107ec7/20260713T000232Z-7b0cdae2,2026-07-13T00:02:32Z,2026-07-13T00:02:44Z,false,
20260713T000248Z-94047f7c,pilot-fashionmnist-fixedpred-s41-4b4fd4a0fd-6313c899-91107ec7,running,pilot,FashionMNIST,lenet_classic,fixedpred,0.1,1,41,42,4b4fd4a0fd2c0276a5418d07344f7c31375483ce87065bb7f3ffbec2281b6638,6313c8995a3317de03806ea80576a7f779ee9823,00c6c50ee3540537bbb56ab2b6567b541f42b093,results/runs/pilot-fashionmnist-fixedpred-s41-4b4fd4a0fd-6313c899-91107ec7/20260713T000248Z-94047f7c,2026-07-13T00:02:48Z,,false,
20260713T000248Z-94047f7c,pilot-fashionmnist-fixedpred-s41-4b4fd4a0fd-6313c899-91107ec7,completed,pilot,FashionMNIST,lenet_classic,fixedpred,0.1,1,41,42,4b4fd4a0fd2c0276a5418d07344f7c31375483ce87065bb7f3ffbec2281b6638,6313c8995a3317de03806ea80576a7f779ee9823,00c6c50ee3540537bbb56ab2b6567b541f42b093,results/runs/pilot-fashionmnist-fixedpred-s41-4b4fd4a0fd-6313c899-91107ec7/20260713T000248Z-94047f7c,2026-07-13T00:02:48Z,2026-07-13T00:03:00Z,false,
20260713T000304Z-d6b3349b,pilot-fashionmnist-fixedpred-s42-1696e33093-6313c899-91107ec7,running,pilot,FashionMNIST,lenet_classic,fixedpred,0.1,1,42,42,1696e33093fff149bb5358364cac1a1a3792d430fee9fe896d5ba4a4ec9e5503,6313c8995a3317de03806ea80576a7f779ee9823,00c6c50ee3540537bbb56ab2b6567b541f42b093,results/runs/pilot-fashionmnist-fixedpred-s42-1696e33093-6313c899-91107ec7/20260713T000304Z-d6b3349b,2026-07-13T00:03:04Z,,false,
20260713T000304Z-d6b3349b,pilot-fashionmnist-fixedpred-s42-1696e33093-6313c899-91107ec7,completed,pilot,FashionMNIST,lenet_classic,fixedpred,0.1,1,42,42,1696e33093fff149bb5358364cac1a1a3792d430fee9fe896d5ba4a4ec9e5503,6313c8995a3317de03806ea80576a7f779ee9823,00c6c50ee3540537bbb56ab2b6567b541f42b093,results/runs/pilot-fashionmnist-fixedpred-s42-1696e33093-6313c899-91107ec7/20260713T000304Z-d6b3349b,2026-07-13T00:03:04Z,2026-07-13T00:03:16Z,false,
20260713T000321Z-912393ed,pilot-fashionmnist-fixedpred-s40-9c8d773852-6313c899-91107ec7,running,pilot,FashionMNIST,lenet_classic,fixedpred,0.1,5,40,42,9c8d77385226e40b7f50489d705095f84580a3de9b13268cfcfa0340cf859de6,6313c8995a3317de03806ea80576a7f779ee9823,00c6c50ee3540537bbb56ab2b6567b541f42b093,results/runs/pilot-fashionmnist-fixedpred-s40-9c8d773852-6313c899-91107ec7/20260713T000321Z-912393ed,2026-07-13T00:03:21Z,,false,
20260713T000321Z-912393ed,pilot-fashionmnist-fixedpred-s40-9c8d773852-6313c899-91107ec7,completed,pilot,FashionMNIST,lenet_classic,fixedpred,0.1,5,40,42,9c8d77385226e40b7f50489d705095f84580a3de9b13268cfcfa0340cf859de6,6313c8995a3317de03806ea80576a7f779ee9823,00c6c50ee3540537bbb56ab2b6567b541f42b093,results/runs/pilot-fashionmnist-fixedpred-s40-9c8d773852-6313c899-91107ec7/20260713T000321Z-912393ed,2026-07-13T00:03:21Z,2026-07-13T00:03:34Z,false,
20260713T000338Z-b08123ec,pilot-fashionmnist-fixedpred-s41-fe05f20df9-6313c899-91107ec7,running,pilot,FashionMNIST,lenet_classic,fixedpred,0.1,5,41,42,fe05f20df9ef0b4f461c594803e2815d7269b4c598d064903a80c33fbb6dd0d5,6313c8995a3317de03806ea80576a7f779ee9823,00c6c50ee3540537bbb56ab2b6567b541f42b093,results/runs/pilot-fashionmnist-fixedpred-s41-fe05f20df9-6313c899-91107ec7/20260713T000338Z-b08123ec,2026-07-13T00:03:38Z,,false,
20260713T000338Z-b08123ec,pilot-fashionmnist-fixedpred-s41-fe05f20df9-6313c899-91107ec7,completed,pilot,FashionMNIST,lenet_classic,fixedpred,0.1,5,41,42,fe05f20df9ef0b4f461c594803e2815d7269b4c598d064903a80c33fbb6dd0d5,6313c8995a3317de03806ea80576a7f779ee9823,00c6c50ee3540537bbb56ab2b6567b541f42b093,results/runs/pilot-fashionmnist-fixedpred-s41-fe05f20df9-6313c899-91107ec7/20260713T000338Z-b08123ec,2026-07-13T00:03:38Z,2026-07-13T00:03:51Z,false,
20260713T000355Z-a4ca207a,pilot-fashionmnist-fixedpred-s42-939d56eb19-6313c899-91107ec7,running,pilot,FashionMNIST,lenet_classic,fixedpred,0.1,5,42,42,939d56eb197c71fe47f24896ebfbcacb3fa737bde2819a35c2e0e810c9f4c08f,6313c8995a3317de03806ea80576a7f779ee9823,00c6c50ee3540537bbb56ab2b6567b541f42b093,results/runs/pilot-fashionmnist-fixedpred-s42-939d56eb19-6313c899-91107ec7/20260713T000355Z-a4ca207a,2026-07-13T00:03:55Z,,false,
20260713T000355Z-a4ca207a,pilot-fashionmnist-fixedpred-s42-939d56eb19-6313c899-91107ec7,completed,pilot,FashionMNIST,lenet_classic,fixedpred,0.1,5,42,42,939d56eb197c71fe47f24896ebfbcacb3fa737bde2819a35c2e0e810c9f4c08f,6313c8995a3317de03806ea80576a7f779ee9823,00c6c50ee3540537bbb56ab2b6567b541f42b093,results/runs/pilot-fashionmnist-fixedpred-s42-939d56eb19-6313c899-91107ec7/20260713T000355Z-a4ca207a,2026-07-13T00:03:55Z,2026-07-13T00:04:08Z,false,
20260713T000412Z-a0acaba6,pilot-fashionmnist-fixedpred-s40-02997de2d5-6313c899-91107ec7,running,pilot,FashionMNIST,lenet_classic,fixedpred,0.1,10,40,42,02997de2d59382191dc92ea26b5c347ff3454f5ca6bf00d255601993f45933a7,6313c8995a3317de03806ea80576a7f779ee9823,00c6c50ee3540537bbb56ab2b6567b541f42b093,results/runs/pilot-fashionmnist-fixedpred-s40-02997de2d5-6313c899-91107ec7/20260713T000412Z-a0acaba6,2026-07-13T00:04:12Z,,false,
20260713T000412Z-a0acaba6,pilot-fashionmnist-fixedpred-s40-02997de2d5-6313c899-91107ec7,completed,pilot,FashionMNIST,lenet_classic,fixedpred,0.1,10,40,42,02997de2d59382191dc92ea26b5c347ff3454f5ca6bf00d255601993f45933a7,6313c8995a3317de03806ea80576a7f779ee9823,00c6c50ee3540537bbb56ab2b6567b541f42b093,results/runs/pilot-fashionmnist-fixedpred-s40-02997de2d5-6313c899-91107ec7/20260713T000412Z-a0acaba6,2026-07-13T00:04:12Z,2026-07-13T00:04:26Z,false,
20260713T000431Z-a38e22fa,pilot-fashionmnist-fixedpred-s41-79e5749216-6313c899-91107ec7,running,pilot,FashionMNIST,lenet_classic,fixedpred,0.1,10,41,42,79e57492160cd106af89261f7b54df457aed98463f95026669c08218073c0cd8,6313c8995a3317de03806ea80576a7f779ee9823,00c6c50ee3540537bbb56ab2b6567b541f42b093,results/runs/pilot-fashionmnist-fixedpred-s41-79e5749216-6313c899-91107ec7/20260713T000431Z-a38e22fa,2026-07-13T00:04:31Z,,false,
20260713T000431Z-a38e22fa,pilot-fashionmnist-fixedpred-s41-79e5749216-6313c899-91107ec7,completed,pilot,FashionMNIST,lenet_classic,fixedpred,0.1,10,41,42,79e57492160cd106af89261f7b54df457aed98463f95026669c08218073c0cd8,6313c8995a3317de03806ea80576a7f779ee9823,00c6c50ee3540537bbb56ab2b6567b541f42b093,results/runs/pilot-fashionmnist-fixedpred-s41-79e5749216-6313c899-91107ec7/20260713T000431Z-a38e22fa,2026-07-13T00:04:31Z,2026-07-13T00:04:45Z,false,
20260713T000449Z-ec6409cd,pilot-fashionmnist-fixedpred-s42-9f4bee4e88-6313c899-91107ec7,running,pilot,FashionMNIST,lenet_classic,fixedpred,0.1,10,42,42,9f4bee4e88e65e8ec021bf6ad145060dad59caafdc5776f0c2edee0d3fc57278,6313c8995a3317de03806ea80576a7f779ee9823,00c6c50ee3540537bbb56ab2b6567b541f42b093,results/runs/pilot-fashionmnist-fixedpred-s42-9f4bee4e88-6313c899-91107ec7/20260713T000449Z-ec6409cd,2026-07-13T00:04:49Z,,false,
20260713T000449Z-ec6409cd,pilot-fashionmnist-fixedpred-s42-9f4bee4e88-6313c899-91107ec7,completed,pilot,FashionMNIST,lenet_classic,fixedpred,0.1,10,42,42,9f4bee4e88e65e8ec021bf6ad145060dad59caafdc5776f0c2edee0d3fc57278,6313c8995a3317de03806ea80576a7f779ee9823,00c6c50ee3540537bbb56ab2b6567b541f42b093,results/runs/pilot-fashionmnist-fixedpred-s42-9f4bee4e88-6313c899-91107ec7/20260713T000449Z-ec6409cd,2026-07-13T00:04:49Z,2026-07-13T00:05:04Z,false,
20260713T000508Z-ce7be2fb,pilot-fashionmnist-fixedpred-s40-a1190f9ab9-6313c899-91107ec7,running,pilot,FashionMNIST,lenet_classic,fixedpred,0.3,1,40,42,a1190f9ab9c008f2fc1001319db4c3ce966e60f71aed2a007121bb87922af592,6313c8995a3317de03806ea80576a7f779ee9823,00c6c50ee3540537bbb56ab2b6567b541f42b093,results/runs/pilot-fashionmnist-fixedpred-s40-a1190f9ab9-6313c899-91107ec7/20260713T000508Z-ce7be2fb,2026-07-13T00:05:08Z,,false,
20260713T000508Z-ce7be2fb,pilot-fashionmnist-fixedpred-s40-a1190f9ab9-6313c899-91107ec7,completed,pilot,FashionMNIST,lenet_classic,fixedpred,0.3,1,40,42,a1190f9ab9c008f2fc1001319db4c3ce966e60f71aed2a007121bb87922af592,6313c8995a3317de03806ea80576a7f779ee9823,00c6c50ee3540537bbb56ab2b6567b541f42b093,results/runs/pilot-fashionmnist-fixedpred-s40-a1190f9ab9-6313c899-91107ec7/20260713T000508Z-ce7be2fb,2026-07-13T00:05:08Z,2026-07-13T00:05:20Z,false,
20260713T000524Z-750550a1,pilot-fashionmnist-fixedpred-s41-ce77eaeb58-6313c899-91107ec7,running,pilot,FashionMNIST,lenet_classic,fixedpred,0.3,1,41,42,ce77eaeb58b1664ca85c57c68af8f4cf05aafa3db1935c163991ab26b6d0eb61,6313c8995a3317de03806ea80576a7f779ee9823,00c6c50ee3540537bbb56ab2b6567b541f42b093,results/runs/pilot-fashionmnist-fixedpred-s41-ce77eaeb58-6313c899-91107ec7/20260713T000524Z-750550a1,2026-07-13T00:05:24Z,,false,
20260713T000524Z-750550a1,pilot-fashionmnist-fixedpred-s41-ce77eaeb58-6313c899-91107ec7,completed,pilot,FashionMNIST,lenet_classic,fixedpred,0.3,1,41,42,ce77eaeb58b1664ca85c57c68af8f4cf05aafa3db1935c163991ab26b6d0eb61,6313c8995a3317de03806ea80576a7f779ee9823,00c6c50ee3540537bbb56ab2b6567b541f42b093,results/runs/pilot-fashionmnist-fixedpred-s41-ce77eaeb58-6313c899-91107ec7/20260713T000524Z-750550a1,2026-07-13T00:05:24Z,2026-07-13T00:05:36Z,false,
20260713T000540Z-3defe214,pilot-fashionmnist-fixedpred-s42-4343aafe45-6313c899-91107ec7,running,pilot,FashionMNIST,lenet_classic,fixedpred,0.3,1,42,42,4343aafe45df410897e3dbc322f077913cdc86e27c7cc994e4201959dbbf782e,6313c8995a3317de03806ea80576a7f779ee9823,00c6c50ee3540537bbb56ab2b6567b541f42b093,results/runs/pilot-fashionmnist-fixedpred-s42-4343aafe45-6313c899-91107ec7/20260713T000540Z-3defe214,2026-07-13T00:05:40Z,,false,
20260713T000540Z-3defe214,pilot-fashionmnist-fixedpred-s42-4343aafe45-6313c899-91107ec7,completed,pilot,FashionMNIST,lenet_classic,fixedpred,0.3,1,42,42,4343aafe45df410897e3dbc322f077913cdc86e27c7cc994e4201959dbbf782e,6313c8995a3317de03806ea80576a7f779ee9823,00c6c50ee3540537bbb56ab2b6567b541f42b093,results/runs/pilot-fashionmnist-fixedpred-s42-4343aafe45-6313c899-91107ec7/20260713T000540Z-3defe214,2026-07-13T00:05:40Z,2026-07-13T00:05:52Z,false,
20260713T000557Z-eb5bfa39,pilot-fashionmnist-fixedpred-s40-3be7ceade1-6313c899-91107ec7,running,pilot,FashionMNIST,lenet_classic,fixedpred,0.3,5,40,42,3be7ceade194f2c5d3d742d08af8e2b073ab100007e70292ce68ef84c941f9a5,6313c8995a3317de03806ea80576a7f779ee9823,00c6c50ee3540537bbb56ab2b6567b541f42b093,results/runs/pilot-fashionmnist-fixedpred-s40-3be7ceade1-6313c899-91107ec7/20260713T000557Z-eb5bfa39,2026-07-13T00:05:57Z,,false,
20260713T000557Z-eb5bfa39,pilot-fashionmnist-fixedpred-s40-3be7ceade1-6313c899-91107ec7,completed,pilot,FashionMNIST,lenet_classic,fixedpred,0.3,5,40,42,3be7ceade194f2c5d3d742d08af8e2b073ab100007e70292ce68ef84c941f9a5,6313c8995a3317de03806ea80576a7f779ee9823,00c6c50ee3540537bbb56ab2b6567b541f42b093,results/runs/pilot-fashionmnist-fixedpred-s40-3be7ceade1-6313c899-91107ec7/20260713T000557Z-eb5bfa39,2026-07-13T00:05:57Z,2026-07-13T00:06:10Z,false,
20260713T000614Z-afaa8c99,pilot-fashionmnist-fixedpred-s41-b84cb8e55f-6313c899-91107ec7,running,pilot,FashionMNIST,lenet_classic,fixedpred,0.3,5,41,42,b84cb8e55fe20ca81e99f145dc70d7cdf76734434c953db438fbce2d4ea1eaa8,6313c8995a3317de03806ea80576a7f779ee9823,00c6c50ee3540537bbb56ab2b6567b541f42b093,results/runs/pilot-fashionmnist-fixedpred-s41-b84cb8e55f-6313c899-91107ec7/20260713T000614Z-afaa8c99,2026-07-13T00:06:14Z,,false,
20260713T000614Z-afaa8c99,pilot-fashionmnist-fixedpred-s41-b84cb8e55f-6313c899-91107ec7,completed,pilot,FashionMNIST,lenet_classic,fixedpred,0.3,5,41,42,b84cb8e55fe20ca81e99f145dc70d7cdf76734434c953db438fbce2d4ea1eaa8,6313c8995a3317de03806ea80576a7f779ee9823,00c6c50ee3540537bbb56ab2b6567b541f42b093,results/runs/pilot-fashionmnist-fixedpred-s41-b84cb8e55f-6313c899-91107ec7/20260713T000614Z-afaa8c99,2026-07-13T00:06:14Z,2026-07-13T00:06:27Z,false,
20260713T000631Z-7614067d,pilot-fashionmnist-fixedpred-s42-8160545b87-6313c899-91107ec7,running,pilot,FashionMNIST,lenet_classic,fixedpred,0.3,5,42,42,8160545b8763336bb2f5a1808c0e9d0a91978736a58ad1eeb87ebf990a9d62d9,6313c8995a3317de03806ea80576a7f779ee9823,00c6c50ee3540537bbb56ab2b6567b541f42b093,results/runs/pilot-fashionmnist-fixedpred-s42-8160545b87-6313c899-91107ec7/20260713T000631Z-7614067d,2026-07-13T00:06:31Z,,false,
20260713T000631Z-7614067d,pilot-fashionmnist-fixedpred-s42-8160545b87-6313c899-91107ec7,completed,pilot,FashionMNIST,lenet_classic,fixedpred,0.3,5,42,42,8160545b8763336bb2f5a1808c0e9d0a91978736a58ad1eeb87ebf990a9d62d9,6313c8995a3317de03806ea80576a7f779ee9823,00c6c50ee3540537bbb56ab2b6567b541f42b093,results/runs/pilot-fashionmnist-fixedpred-s42-8160545b87-6313c899-91107ec7/20260713T000631Z-7614067d,2026-07-13T00:06:31Z,2026-07-13T00:06:44Z,false,
20260713T000648Z-9963a5c5,pilot-fashionmnist-fixedpred-s40-fdf235ba0b-6313c899-91107ec7,running,pilot,FashionMNIST,lenet_classic,fixedpred,0.3,10,40,42,fdf235ba0bf9b430a4720b5b907a53b89e23d56bf167bb945a7262907418f4ee,6313c8995a3317de03806ea80576a7f779ee9823,00c6c50ee3540537bbb56ab2b6567b541f42b093,results/runs/pilot-fashionmnist-fixedpred-s40-fdf235ba0b-6313c899-91107ec7/20260713T000648Z-9963a5c5,2026-07-13T00:06:48Z,,false,
20260713T000648Z-9963a5c5,pilot-fashionmnist-fixedpred-s40-fdf235ba0b-6313c899-91107ec7,completed,pilot,FashionMNIST,lenet_classic,fixedpred,0.3,10,40,42,fdf235ba0bf9b430a4720b5b907a53b89e23d56bf167bb945a7262907418f4ee,6313c8995a3317de03806ea80576a7f779ee9823,00c6c50ee3540537bbb56ab2b6567b541f42b093,results/runs/pilot-fashionmnist-fixedpred-s40-fdf235ba0b-6313c899-91107ec7/20260713T000648Z-9963a5c5,2026-07-13T00:06:48Z,2026-07-13T00:07:02Z,false,
20260713T000706Z-3e3e663e,pilot-fashionmnist-fixedpred-s41-81bdfd153c-6313c899-91107ec7,running,pilot,FashionMNIST,lenet_classic,fixedpred,0.3,10,41,42,81bdfd153c7bf888a085adea4a75ce7399507abbfd2e0de91db3b873e7eee64e,6313c8995a3317de03806ea80576a7f779ee9823,00c6c50ee3540537bbb56ab2b6567b541f42b093,results/runs/pilot-fashionmnist-fixedpred-s41-81bdfd153c-6313c899-91107ec7/20260713T000706Z-3e3e663e,2026-07-13T00:07:06Z,,false,
20260713T000706Z-3e3e663e,pilot-fashionmnist-fixedpred-s41-81bdfd153c-6313c899-91107ec7,completed,pilot,FashionMNIST,lenet_classic,fixedpred,0.3,10,41,42,81bdfd153c7bf888a085adea4a75ce7399507abbfd2e0de91db3b873e7eee64e,6313c8995a3317de03806ea80576a7f779ee9823,00c6c50ee3540537bbb56ab2b6567b541f42b093,results/runs/pilot-fashionmnist-fixedpred-s41-81bdfd153c-6313c899-91107ec7/20260713T000706Z-3e3e663e,2026-07-13T00:07:06Z,2026-07-13T00:07:21Z,false,
20260713T000725Z-31b9e2ef,pilot-fashionmnist-fixedpred-s42-253344199a-6313c899-91107ec7,running,pilot,FashionMNIST,lenet_classic,fixedpred,0.3,10,42,42,253344199a981ef3813f54bb8146d277d6002d2de1b37671185b7a67245cedcb,6313c8995a3317de03806ea80576a7f779ee9823,00c6c50ee3540537bbb56ab2b6567b541f42b093,results/runs/pilot-fashionmnist-fixedpred-s42-253344199a-6313c899-91107ec7/20260713T000725Z-31b9e2ef,2026-07-13T00:07:25Z,,false,
20260713T000725Z-31b9e2ef,pilot-fashionmnist-fixedpred-s42-253344199a-6313c899-91107ec7,completed,pilot,FashionMNIST,lenet_classic,fixedpred,0.3,10,42,42,253344199a981ef3813f54bb8146d277d6002d2de1b37671185b7a67245cedcb,6313c8995a3317de03806ea80576a7f779ee9823,00c6c50ee3540537bbb56ab2b6567b541f42b093,results/runs/pilot-fashionmnist-fixedpred-s42-253344199a-6313c899-91107ec7/20260713T000725Z-31b9e2ef,2026-07-13T00:07:25Z,2026-07-13T00:07:39Z,false,
20260713T000743Z-014fb8da,pilot-fashionmnist-fixedpred-s40-e4ed6bd47b-6313c899-91107ec7,running,pilot,FashionMNIST,lenet_classic,fixedpred,0.5,5,40,42,e4ed6bd47b769b46418ea1538f9aaca90e8dfe1252bffd79894c21e5a0fcecb1,6313c8995a3317de03806ea80576a7f779ee9823,00c6c50ee3540537bbb56ab2b6567b541f42b093,results/runs/pilot-fashionmnist-fixedpred-s40-e4ed6bd47b-6313c899-91107ec7/20260713T000743Z-014fb8da,2026-07-13T00:07:43Z,,false,
20260713T000743Z-014fb8da,pilot-fashionmnist-fixedpred-s40-e4ed6bd47b-6313c899-91107ec7,completed,pilot,FashionMNIST,lenet_classic,fixedpred,0.5,5,40,42,e4ed6bd47b769b46418ea1538f9aaca90e8dfe1252bffd79894c21e5a0fcecb1,6313c8995a3317de03806ea80576a7f779ee9823,00c6c50ee3540537bbb56ab2b6567b541f42b093,results/runs/pilot-fashionmnist-fixedpred-s40-e4ed6bd47b-6313c899-91107ec7/20260713T000743Z-014fb8da,2026-07-13T00:07:43Z,2026-07-13T00:07:56Z,false,
20260713T000801Z-05ca8f96,pilot-fashionmnist-fixedpred-s41-8b85c4b168-6313c899-91107ec7,running,pilot,FashionMNIST,lenet_classic,fixedpred,0.5,5,41,42,8b85c4b1689141633c0f1b890c215e45ac56920c4a0a0e864e5f2f44ff3eaace,6313c8995a3317de03806ea80576a7f779ee9823,00c6c50ee3540537bbb56ab2b6567b541f42b093,results/runs/pilot-fashionmnist-fixedpred-s41-8b85c4b168-6313c899-91107ec7/20260713T000801Z-05ca8f96,2026-07-13T00:08:01Z,,false,
20260713T000801Z-05ca8f96,pilot-fashionmnist-fixedpred-s41-8b85c4b168-6313c899-91107ec7,completed,pilot,FashionMNIST,lenet_classic,fixedpred,0.5,5,41,42,8b85c4b1689141633c0f1b890c215e45ac56920c4a0a0e864e5f2f44ff3eaace,6313c8995a3317de03806ea80576a7f779ee9823,00c6c50ee3540537bbb56ab2b6567b541f42b093,results/runs/pilot-fashionmnist-fixedpred-s41-8b85c4b168-6313c899-91107ec7/20260713T000801Z-05ca8f96,2026-07-13T00:08:01Z,2026-07-13T00:08:13Z,false,
20260713T000818Z-5061dee4,pilot-fashionmnist-fixedpred-s42-214857db66-6313c899-91107ec7,running,pilot,FashionMNIST,lenet_classic,fixedpred,0.5,5,42,42,214857db6618567c610be5282a5389698fe0432edf03597e4fb9eb3e5c49d6ba,6313c8995a3317de03806ea80576a7f779ee9823,00c6c50ee3540537bbb56ab2b6567b541f42b093,results/runs/pilot-fashionmnist-fixedpred-s42-214857db66-6313c899-91107ec7/20260713T000818Z-5061dee4,2026-07-13T00:08:18Z,,false,
20260713T000818Z-5061dee4,pilot-fashionmnist-fixedpred-s42-214857db66-6313c899-91107ec7,completed,pilot,FashionMNIST,lenet_classic,fixedpred,0.5,5,42,42,214857db6618567c610be5282a5389698fe0432edf03597e4fb9eb3e5c49d6ba,6313c8995a3317de03806ea80576a7f779ee9823,00c6c50ee3540537bbb56ab2b6567b541f42b093,results/runs/pilot-fashionmnist-fixedpred-s42-214857db66-6313c899-91107ec7/20260713T000818Z-5061dee4,2026-07-13T00:08:18Z,2026-07-13T00:08:31Z,false,
20260713T000835Z-00539b50,pilot-fashionmnist-fixedpred-s40-177b9f26c2-6313c899-91107ec7,running,pilot,FashionMNIST,lenet_classic,fixedpred,0.5,10,40,42,177b9f26c21095f78fed9bc1f808d776dc82c31e80019e62ecc38e91f8848982,6313c8995a3317de03806ea80576a7f779ee9823,00c6c50ee3540537bbb56ab2b6567b541f42b093,results/runs/pilot-fashionmnist-fixedpred-s40-177b9f26c2-6313c899-91107ec7/20260713T000835Z-00539b50,2026-07-13T00:08:35Z,,false,
20260713T000835Z-00539b50,pilot-fashionmnist-fixedpred-s40-177b9f26c2-6313c899-91107ec7,completed,pilot,FashionMNIST,lenet_classic,fixedpred,0.5,10,40,42,177b9f26c21095f78fed9bc1f808d776dc82c31e80019e62ecc38e91f8848982,6313c8995a3317de03806ea80576a7f779ee9823,00c6c50ee3540537bbb56ab2b6567b541f42b093,results/runs/pilot-fashionmnist-fixedpred-s40-177b9f26c2-6313c899-91107ec7/20260713T000835Z-00539b50,2026-07-13T00:08:35Z,2026-07-13T00:08:49Z,false,
20260713T000853Z-c9a3a004,pilot-fashionmnist-fixedpred-s41-3af340342f-6313c899-91107ec7,running,pilot,FashionMNIST,lenet_classic,fixedpred,0.5,10,41,42,3af340342f37574793750ceba466ab173590d91ab9ab1547387f391ba7689e77,6313c8995a3317de03806ea80576a7f779ee9823,00c6c50ee3540537bbb56ab2b6567b541f42b093,results/runs/pilot-fashionmnist-fixedpred-s41-3af340342f-6313c899-91107ec7/20260713T000853Z-c9a3a004,2026-07-13T00:08:53Z,,false,
20260713T000853Z-c9a3a004,pilot-fashionmnist-fixedpred-s41-3af340342f-6313c899-91107ec7,completed,pilot,FashionMNIST,lenet_classic,fixedpred,0.5,10,41,42,3af340342f37574793750ceba466ab173590d91ab9ab1547387f391ba7689e77,6313c8995a3317de03806ea80576a7f779ee9823,00c6c50ee3540537bbb56ab2b6567b541f42b093,results/runs/pilot-fashionmnist-fixedpred-s41-3af340342f-6313c899-91107ec7/20260713T000853Z-c9a3a004,2026-07-13T00:08:53Z,2026-07-13T00:09:07Z,false,
20260713T000912Z-a2460b9b,pilot-fashionmnist-fixedpred-s42-8bd62ee0de-6313c899-91107ec7,running,pilot,FashionMNIST,lenet_classic,fixedpred,0.5,10,42,42,8bd62ee0de225fa15775d2ece0372c1f26c762ab089df54c81129cdc7d10a4d7,6313c8995a3317de03806ea80576a7f779ee9823,00c6c50ee3540537bbb56ab2b6567b541f42b093,results/runs/pilot-fashionmnist-fixedpred-s42-8bd62ee0de-6313c899-91107ec7/20260713T000912Z-a2460b9b,2026-07-13T00:09:12Z,,false,
20260713T000912Z-a2460b9b,pilot-fashionmnist-fixedpred-s42-8bd62ee0de-6313c899-91107ec7,completed,pilot,FashionMNIST,lenet_classic,fixedpred,0.5,10,42,42,8bd62ee0de225fa15775d2ece0372c1f26c762ab089df54c81129cdc7d10a4d7,6313c8995a3317de03806ea80576a7f779ee9823,00c6c50ee3540537bbb56ab2b6567b541f42b093,results/runs/pilot-fashionmnist-fixedpred-s42-8bd62ee0de-6313c899-91107ec7/20260713T000912Z-a2460b9b,2026-07-13T00:09:12Z,2026-07-13T00:09:26Z,false,
20260713T000930Z-b74ee761,pilot-fashionmnist-fixedpred-s40-54afc67922-6313c899-91107ec7,running,pilot,FashionMNIST,lenet_classic,fixedpred,1.0,6,40,42,54afc67922eab88ac5b54cae58655d1f8fb6152ef2961e5e6adafb249237cdcd,6313c8995a3317de03806ea80576a7f779ee9823,00c6c50ee3540537bbb56ab2b6567b541f42b093,results/runs/pilot-fashionmnist-fixedpred-s40-54afc67922-6313c899-91107ec7/20260713T000930Z-b74ee761,2026-07-13T00:09:30Z,,false,
20260713T000930Z-b74ee761,pilot-fashionmnist-fixedpred-s40-54afc67922-6313c899-91107ec7,completed,pilot,FashionMNIST,lenet_classic,fixedpred,1.0,6,40,42,54afc67922eab88ac5b54cae58655d1f8fb6152ef2961e5e6adafb249237cdcd,6313c8995a3317de03806ea80576a7f779ee9823,00c6c50ee3540537bbb56ab2b6567b541f42b093,results/runs/pilot-fashionmnist-fixedpred-s40-54afc67922-6313c899-91107ec7/20260713T000930Z-b74ee761,2026-07-13T00:09:30Z,2026-07-13T00:09:43Z,false,
20260713T000947Z-ae9165c6,pilot-fashionmnist-fixedpred-s41-434f1a49eb-6313c899-91107ec7,running,pilot,FashionMNIST,lenet_classic,fixedpred,1.0,6,41,42,434f1a49eba2b97b4c43433e00c48654dd3cdda9750354d1f49277340c531b34,6313c8995a3317de03806ea80576a7f779ee9823,00c6c50ee3540537bbb56ab2b6567b541f42b093,results/runs/pilot-fashionmnist-fixedpred-s41-434f1a49eb-6313c899-91107ec7/20260713T000947Z-ae9165c6,2026-07-13T00:09:47Z,,false,
20260713T000947Z-ae9165c6,pilot-fashionmnist-fixedpred-s41-434f1a49eb-6313c899-91107ec7,completed,pilot,FashionMNIST,lenet_classic,fixedpred,1.0,6,41,42,434f1a49eba2b97b4c43433e00c48654dd3cdda9750354d1f49277340c531b34,6313c8995a3317de03806ea80576a7f779ee9823,00c6c50ee3540537bbb56ab2b6567b541f42b093,results/runs/pilot-fashionmnist-fixedpred-s41-434f1a49eb-6313c899-91107ec7/20260713T000947Z-ae9165c6,2026-07-13T00:09:47Z,2026-07-13T00:10:01Z,false,
20260713T001005Z-2de36449,pilot-fashionmnist-fixedpred-s42-7b5b9f8640-6313c899-91107ec7,running,pilot,FashionMNIST,lenet_classic,fixedpred,1.0,6,42,42,7b5b9f8640f29875379ead189e17d2be61649ff82d4b3488a82791bfeed16039,6313c8995a3317de03806ea80576a7f779ee9823,00c6c50ee3540537bbb56ab2b6567b541f42b093,results/runs/pilot-fashionmnist-fixedpred-s42-7b5b9f8640-6313c899-91107ec7/20260713T001005Z-2de36449,2026-07-13T00:10:05Z,,false,
20260713T001005Z-2de36449,pilot-fashionmnist-fixedpred-s42-7b5b9f8640-6313c899-91107ec7,completed,pilot,FashionMNIST,lenet_classic,fixedpred,1.0,6,42,42,7b5b9f8640f29875379ead189e17d2be61649ff82d4b3488a82791bfeed16039,6313c8995a3317de03806ea80576a7f779ee9823,00c6c50ee3540537bbb56ab2b6567b541f42b093,results/runs/pilot-fashionmnist-fixedpred-s42-7b5b9f8640-6313c899-91107ec7/20260713T001005Z-2de36449,2026-07-13T00:10:05Z,2026-07-13T00:10:18Z,false,
20260713T001022Z-007ce748,pilot-fashionmnist-strict-s40-92ddd1b41f-6313c899-91107ec7,running,pilot,FashionMNIST,lenet_classic,strict,0.01,5,40,42,92ddd1b41f23153c44544db37860b199e92dacf5d062b973169b773d672bbb09,6313c8995a3317de03806ea80576a7f779ee9823,00c6c50ee3540537bbb56ab2b6567b541f42b093,results/runs/pilot-fashionmnist-strict-s40-92ddd1b41f-6313c899-91107ec7/20260713T001022Z-007ce748,2026-07-13T00:10:22Z,,false,
20260713T001022Z-007ce748,pilot-fashionmnist-strict-s40-92ddd1b41f-6313c899-91107ec7,completed,pilot,FashionMNIST,lenet_classic,strict,0.01,5,40,42,92ddd1b41f23153c44544db37860b199e92dacf5d062b973169b773d672bbb09,6313c8995a3317de03806ea80576a7f779ee9823,00c6c50ee3540537bbb56ab2b6567b541f42b093,results/runs/pilot-fashionmnist-strict-s40-92ddd1b41f-6313c899-91107ec7/20260713T001022Z-007ce748,2026-07-13T00:10:22Z,2026-07-13T00:10:35Z,false,
20260713T001039Z-e75460a0,pilot-fashionmnist-strict-s41-6bd4fab67f-6313c899-91107ec7,running,pilot,FashionMNIST,lenet_classic,strict,0.01,5,41,42,6bd4fab67f9c58efe43e45fb7b7a44fe520fc05c476cbc3624f5dd4ac9488bc9,6313c8995a3317de03806ea80576a7f779ee9823,00c6c50ee3540537bbb56ab2b6567b541f42b093,results/runs/pilot-fashionmnist-strict-s41-6bd4fab67f-6313c899-91107ec7/20260713T001039Z-e75460a0,2026-07-13T00:10:39Z,,false,
20260713T001039Z-e75460a0,pilot-fashionmnist-strict-s41-6bd4fab67f-6313c899-91107ec7,completed,pilot,FashionMNIST,lenet_classic,strict,0.01,5,41,42,6bd4fab67f9c58efe43e45fb7b7a44fe520fc05c476cbc3624f5dd4ac9488bc9,6313c8995a3317de03806ea80576a7f779ee9823,00c6c50ee3540537bbb56ab2b6567b541f42b093,results/runs/pilot-fashionmnist-strict-s41-6bd4fab67f-6313c899-91107ec7/20260713T001039Z-e75460a0,2026-07-13T00:10:39Z,2026-07-13T00:10:52Z,false,
20260713T001056Z-e0236ede,pilot-fashionmnist-strict-s42-3ac68c0eab-6313c899-91107ec7,running,pilot,FashionMNIST,lenet_classic,strict,0.01,5,42,42,3ac68c0eab911e6b65a5cb49f549574f43e48d20e9addc0bfe4981588ba088d4,6313c8995a3317de03806ea80576a7f779ee9823,00c6c50ee3540537bbb56ab2b6567b541f42b093,results/runs/pilot-fashionmnist-strict-s42-3ac68c0eab-6313c899-91107ec7/20260713T001056Z-e0236ede,2026-07-13T00:10:56Z,,false,
20260713T001056Z-e0236ede,pilot-fashionmnist-strict-s42-3ac68c0eab-6313c899-91107ec7,completed,pilot,FashionMNIST,lenet_classic,strict,0.01,5,42,42,3ac68c0eab911e6b65a5cb49f549574f43e48d20e9addc0bfe4981588ba088d4,6313c8995a3317de03806ea80576a7f779ee9823,00c6c50ee3540537bbb56ab2b6567b541f42b093,results/runs/pilot-fashionmnist-strict-s42-3ac68c0eab-6313c899-91107ec7/20260713T001056Z-e0236ede,2026-07-13T00:10:56Z,2026-07-13T00:11:09Z,false,
20260713T001114Z-dd8c6abb,pilot-fashionmnist-strict-s40-032a43b2db-6313c899-91107ec7,running,pilot,FashionMNIST,lenet_classic,strict,0.01,20,40,42,032a43b2dbb79fb094063be35b5ca4821a4a96acb847c5e9db7748fdfa67b464,6313c8995a3317de03806ea80576a7f779ee9823,00c6c50ee3540537bbb56ab2b6567b541f42b093,results/runs/pilot-fashionmnist-strict-s40-032a43b2db-6313c899-91107ec7/20260713T001114Z-dd8c6abb,2026-07-13T00:11:14Z,,false,
20260713T001114Z-dd8c6abb,pilot-fashionmnist-strict-s40-032a43b2db-6313c899-91107ec7,completed,pilot,FashionMNIST,lenet_classic,strict,0.01,20,40,42,032a43b2dbb79fb094063be35b5ca4821a4a96acb847c5e9db7748fdfa67b464,6313c8995a3317de03806ea80576a7f779ee9823,00c6c50ee3540537bbb56ab2b6567b541f42b093,results/runs/pilot-fashionmnist-strict-s40-032a43b2db-6313c899-91107ec7/20260713T001114Z-dd8c6abb,2026-07-13T00:11:14Z,2026-07-13T00:11:31Z,false,
20260713T001135Z-f93820ae,pilot-fashionmnist-strict-s41-eb59f00639-6313c899-91107ec7,running,pilot,FashionMNIST,lenet_classic,strict,0.01,20,41,42,eb59f006395965dcbe2561d79dba98f894395c06ec3ca27f23ff81fa1c19b714,6313c8995a3317de03806ea80576a7f779ee9823,00c6c50ee3540537bbb56ab2b6567b541f42b093,results/runs/pilot-fashionmnist-strict-s41-eb59f00639-6313c899-91107ec7/20260713T001135Z-f93820ae,2026-07-13T00:11:35Z,,false,
20260713T001135Z-f93820ae,pilot-fashionmnist-strict-s41-eb59f00639-6313c899-91107ec7,completed,pilot,FashionMNIST,lenet_classic,strict,0.01,20,41,42,eb59f006395965dcbe2561d79dba98f894395c06ec3ca27f23ff81fa1c19b714,6313c8995a3317de03806ea80576a7f779ee9823,00c6c50ee3540537bbb56ab2b6567b541f42b093,results/runs/pilot-fashionmnist-strict-s41-eb59f00639-6313c899-91107ec7/20260713T001135Z-f93820ae,2026-07-13T00:11:35Z,2026-07-13T00:11:53Z,false,
20260713T001157Z-de5aa33f,pilot-fashionmnist-strict-s42-0bce958ade-6313c899-91107ec7,running,pilot,FashionMNIST,lenet_classic,strict,0.01,20,42,42,0bce958adeb23fa93445c020da9436d6c1119a9ba1d43e3c57861bfd85afd927,6313c8995a3317de03806ea80576a7f779ee9823,00c6c50ee3540537bbb56ab2b6567b541f42b093,results/runs/pilot-fashionmnist-strict-s42-0bce958ade-6313c899-91107ec7/20260713T001157Z-de5aa33f,2026-07-13T00:11:57Z,,false,
20260713T001157Z-de5aa33f,pilot-fashionmnist-strict-s42-0bce958ade-6313c899-91107ec7,completed,pilot,FashionMNIST,lenet_classic,strict,0.01,20,42,42,0bce958adeb23fa93445c020da9436d6c1119a9ba1d43e3c57861bfd85afd927,6313c8995a3317de03806ea80576a7f779ee9823,00c6c50ee3540537bbb56ab2b6567b541f42b093,results/runs/pilot-fashionmnist-strict-s42-0bce958ade-6313c899-91107ec7/20260713T001157Z-de5aa33f,2026-07-13T00:11:57Z,2026-07-13T00:12:15Z,false,
20260713T001219Z-722ff6d5,pilot-fashionmnist-strict-s40-0709fa2f90-6313c899-91107ec7,running,pilot,FashionMNIST,lenet_classic,strict,0.05,10,40,42,0709fa2f901c844324c8577c1e50f4ad78cd820891a8efdede2c2dcce1ad5ffa,6313c8995a3317de03806ea80576a7f779ee9823,00c6c50ee3540537bbb56ab2b6567b541f42b093,results/runs/pilot-fashionmnist-strict-s40-0709fa2f90-6313c899-91107ec7/20260713T001219Z-722ff6d5,2026-07-13T00:12:19Z,,false,
20260713T001219Z-722ff6d5,pilot-fashionmnist-strict-s40-0709fa2f90-6313c899-91107ec7,completed,pilot,FashionMNIST,lenet_classic,strict,0.05,10,40,42,0709fa2f901c844324c8577c1e50f4ad78cd820891a8efdede2c2dcce1ad5ffa,6313c8995a3317de03806ea80576a7f779ee9823,00c6c50ee3540537bbb56ab2b6567b541f42b093,results/runs/pilot-fashionmnist-strict-s40-0709fa2f90-6313c899-91107ec7/20260713T001219Z-722ff6d5,2026-07-13T00:12:19Z,2026-07-13T00:12:33Z,false,
20260713T001237Z-5a84df0f,pilot-fashionmnist-strict-s41-a3a5c5ecdb-6313c899-91107ec7,running,pilot,FashionMNIST,lenet_classic,strict,0.05,10,41,42,a3a5c5ecdba8724556bbd562a9bc955355baf67cad7a39ccefe9865826d43758,6313c8995a3317de03806ea80576a7f779ee9823,00c6c50ee3540537bbb56ab2b6567b541f42b093,results/runs/pilot-fashionmnist-strict-s41-a3a5c5ecdb-6313c899-91107ec7/20260713T001237Z-5a84df0f,2026-07-13T00:12:37Z,,false,
20260713T001237Z-5a84df0f,pilot-fashionmnist-strict-s41-a3a5c5ecdb-6313c899-91107ec7,completed,pilot,FashionMNIST,lenet_classic,strict,0.05,10,41,42,a3a5c5ecdba8724556bbd562a9bc955355baf67cad7a39ccefe9865826d43758,6313c8995a3317de03806ea80576a7f779ee9823,00c6c50ee3540537bbb56ab2b6567b541f42b093,results/runs/pilot-fashionmnist-strict-s41-a3a5c5ecdb-6313c899-91107ec7/20260713T001237Z-5a84df0f,2026-07-13T00:12:37Z,2026-07-13T00:12:52Z,false,
20260713T001256Z-83b52926,pilot-fashionmnist-strict-s42-f22239eceb-6313c899-91107ec7,running,pilot,FashionMNIST,lenet_classic,strict,0.05,10,42,42,f22239eceba8bb96c07f484911a0fb4a992e413cc175e21afa6d8c8622f45494,6313c8995a3317de03806ea80576a7f779ee9823,00c6c50ee3540537bbb56ab2b6567b541f42b093,results/runs/pilot-fashionmnist-strict-s42-f22239eceb-6313c899-91107ec7/20260713T001256Z-83b52926,2026-07-13T00:12:56Z,,false,
20260713T001256Z-83b52926,pilot-fashionmnist-strict-s42-f22239eceb-6313c899-91107ec7,completed,pilot,FashionMNIST,lenet_classic,strict,0.05,10,42,42,f22239eceba8bb96c07f484911a0fb4a992e413cc175e21afa6d8c8622f45494,6313c8995a3317de03806ea80576a7f779ee9823,00c6c50ee3540537bbb56ab2b6567b541f42b093,results/runs/pilot-fashionmnist-strict-s42-f22239eceb-6313c899-91107ec7/20260713T001256Z-83b52926,2026-07-13T00:12:56Z,2026-07-13T00:13:11Z,false,
20260713T001315Z-cd4c42ab,pilot-fashionmnist-strict-s40-f1374ecc2d-6313c899-91107ec7,running,pilot,FashionMNIST,lenet_classic,strict,0.05,20,40,42,f1374ecc2d9b783f532c5df1ff92e97b9c2346c70c041fcfbd7f05aaccbe3dab,6313c8995a3317de03806ea80576a7f779ee9823,00c6c50ee3540537bbb56ab2b6567b541f42b093,results/runs/pilot-fashionmnist-strict-s40-f1374ecc2d-6313c899-91107ec7/20260713T001315Z-cd4c42ab,2026-07-13T00:13:15Z,,false,
20260713T001315Z-cd4c42ab,pilot-fashionmnist-strict-s40-f1374ecc2d-6313c899-91107ec7,completed,pilot,FashionMNIST,lenet_classic,strict,0.05,20,40,42,f1374ecc2d9b783f532c5df1ff92e97b9c2346c70c041fcfbd7f05aaccbe3dab,6313c8995a3317de03806ea80576a7f779ee9823,00c6c50ee3540537bbb56ab2b6567b541f42b093,results/runs/pilot-fashionmnist-strict-s40-f1374ecc2d-6313c899-91107ec7/20260713T001315Z-cd4c42ab,2026-07-13T00:13:15Z,2026-07-13T00:13:32Z,false,
20260713T001337Z-1d297dbb,pilot-fashionmnist-strict-s41-5b5e478dcd-6313c899-91107ec7,running,pilot,FashionMNIST,lenet_classic,strict,0.05,20,41,42,5b5e478dcd4d75f4055da3f5b30ce84cb4cf16a7b27e4a1eabae0247087271e0,6313c8995a3317de03806ea80576a7f779ee9823,00c6c50ee3540537bbb56ab2b6567b541f42b093,results/runs/pilot-fashionmnist-strict-s41-5b5e478dcd-6313c899-91107ec7/20260713T001337Z-1d297dbb,2026-07-13T00:13:37Z,,false,
20260713T001337Z-1d297dbb,pilot-fashionmnist-strict-s41-5b5e478dcd-6313c899-91107ec7,completed,pilot,FashionMNIST,lenet_classic,strict,0.05,20,41,42,5b5e478dcd4d75f4055da3f5b30ce84cb4cf16a7b27e4a1eabae0247087271e0,6313c8995a3317de03806ea80576a7f779ee9823,00c6c50ee3540537bbb56ab2b6567b541f42b093,results/runs/pilot-fashionmnist-strict-s41-5b5e478dcd-6313c899-91107ec7/20260713T001337Z-1d297dbb,2026-07-13T00:13:37Z,2026-07-13T00:13:54Z,false,
20260713T001358Z-bcdfe64a,pilot-fashionmnist-strict-s42-26a573b5d1-6313c899-91107ec7,running,pilot,FashionMNIST,lenet_classic,strict,0.05,20,42,42,26a573b5d1a3607da55e115686b278c7789fcb4d7099e3d827dd1dd5a34ac6ee,6313c8995a3317de03806ea80576a7f779ee9823,00c6c50ee3540537bbb56ab2b6567b541f42b093,results/runs/pilot-fashionmnist-strict-s42-26a573b5d1-6313c899-91107ec7/20260713T001358Z-bcdfe64a,2026-07-13T00:13:58Z,,false,
20260713T001358Z-bcdfe64a,pilot-fashionmnist-strict-s42-26a573b5d1-6313c899-91107ec7,completed,pilot,FashionMNIST,lenet_classic,strict,0.05,20,42,42,26a573b5d1a3607da55e115686b278c7789fcb4d7099e3d827dd1dd5a34ac6ee,6313c8995a3317de03806ea80576a7f779ee9823,00c6c50ee3540537bbb56ab2b6567b541f42b093,results/runs/pilot-fashionmnist-strict-s42-26a573b5d1-6313c899-91107ec7/20260713T001358Z-bcdfe64a,2026-07-13T00:13:58Z,2026-07-13T00:14:16Z,false,
20260713T001420Z-424779cb,pilot-fashionmnist-strict-s40-5c504ab80f-6313c899-91107ec7,running,pilot,FashionMNIST,lenet_classic,strict,0.1,10,40,42,5c504ab80ff1bed2bb6f80078db820b5307dbd3da94e5b95f74a7a850e581229,6313c8995a3317de03806ea80576a7f779ee9823,00c6c50ee3540537bbb56ab2b6567b541f42b093,results/runs/pilot-fashionmnist-strict-s40-5c504ab80f-6313c899-91107ec7/20260713T001420Z-424779cb,2026-07-13T00:14:20Z,,false,
20260713T001420Z-424779cb,pilot-fashionmnist-strict-s40-5c504ab80f-6313c899-91107ec7,completed,pilot,FashionMNIST,lenet_classic,strict,0.1,10,40,42,5c504ab80ff1bed2bb6f80078db820b5307dbd3da94e5b95f74a7a850e581229,6313c8995a3317de03806ea80576a7f779ee9823,00c6c50ee3540537bbb56ab2b6567b541f42b093,results/runs/pilot-fashionmnist-strict-s40-5c504ab80f-6313c899-91107ec7/20260713T001420Z-424779cb,2026-07-13T00:14:20Z,2026-07-13T00:14:34Z,false,
20260713T001438Z-0cc47828,pilot-fashionmnist-strict-s41-a5f40c89ed-6313c899-91107ec7,running,pilot,FashionMNIST,lenet_classic,strict,0.1,10,41,42,a5f40c89ed0af05faa43b6f671d614bfbcbebe9ade8e140abe9a81b8d85ded2f,6313c8995a3317de03806ea80576a7f779ee9823,00c6c50ee3540537bbb56ab2b6567b541f42b093,results/runs/pilot-fashionmnist-strict-s41-a5f40c89ed-6313c899-91107ec7/20260713T001438Z-0cc47828,2026-07-13T00:14:38Z,,false,
20260713T001438Z-0cc47828,pilot-fashionmnist-strict-s41-a5f40c89ed-6313c899-91107ec7,completed,pilot,FashionMNIST,lenet_classic,strict,0.1,10,41,42,a5f40c89ed0af05faa43b6f671d614bfbcbebe9ade8e140abe9a81b8d85ded2f,6313c8995a3317de03806ea80576a7f779ee9823,00c6c50ee3540537bbb56ab2b6567b541f42b093,results/runs/pilot-fashionmnist-strict-s41-a5f40c89ed-6313c899-91107ec7/20260713T001438Z-0cc47828,2026-07-13T00:14:38Z,2026-07-13T00:14:53Z,false,
20260713T001457Z-ea7bd090,pilot-fashionmnist-strict-s42-036d1017cf-6313c899-91107ec7,running,pilot,FashionMNIST,lenet_classic,strict,0.1,10,42,42,036d1017cf9ddc9d0bf386b9b255419b694ae1031f90e0b6c4f50e1b6d7420ad,6313c8995a3317de03806ea80576a7f779ee9823,00c6c50ee3540537bbb56ab2b6567b541f42b093,results/runs/pilot-fashionmnist-strict-s42-036d1017cf-6313c899-91107ec7/20260713T001457Z-ea7bd090,2026-07-13T00:14:57Z,,false,
20260713T001457Z-ea7bd090,pilot-fashionmnist-strict-s42-036d1017cf-6313c899-91107ec7,completed,pilot,FashionMNIST,lenet_classic,strict,0.1,10,42,42,036d1017cf9ddc9d0bf386b9b255419b694ae1031f90e0b6c4f50e1b6d7420ad,6313c8995a3317de03806ea80576a7f779ee9823,00c6c50ee3540537bbb56ab2b6567b541f42b093,results/runs/pilot-fashionmnist-strict-s42-036d1017cf-6313c899-91107ec7/20260713T001457Z-ea7bd090,2026-07-13T00:14:57Z,2026-07-13T00:15:12Z,false,
20260713T001516Z-666438cd,pilot-fashionmnist-strict-s40-74ea0a1291-6313c899-91107ec7,running,pilot,FashionMNIST,lenet_classic,strict,0.1,20,40,42,74ea0a1291f1aff39a5ad57044c46ce4aaf2e4acdc0c67314d491bce17b22537,6313c8995a3317de03806ea80576a7f779ee9823,00c6c50ee3540537bbb56ab2b6567b541f42b093,results/runs/pilot-fashionmnist-strict-s40-74ea0a1291-6313c899-91107ec7/20260713T001516Z-666438cd,2026-07-13T00:15:16Z,,false,
20260713T001516Z-666438cd,pilot-fashionmnist-strict-s40-74ea0a1291-6313c899-91107ec7,completed,pilot,FashionMNIST,lenet_classic,strict,0.1,20,40,42,74ea0a1291f1aff39a5ad57044c46ce4aaf2e4acdc0c67314d491bce17b22537,6313c8995a3317de03806ea80576a7f779ee9823,00c6c50ee3540537bbb56ab2b6567b541f42b093,results/runs/pilot-fashionmnist-strict-s40-74ea0a1291-6313c899-91107ec7/20260713T001516Z-666438cd,2026-07-13T00:15:16Z,2026-07-13T00:15:33Z,false,
20260713T001537Z-8bc409f1,pilot-fashionmnist-strict-s41-f374c7898c-6313c899-91107ec7,running,pilot,FashionMNIST,lenet_classic,strict,0.1,20,41,42,f374c7898c8c697442b2b993cdd0e8bf8763237f6020f34a4b28db0cb564ec05,6313c8995a3317de03806ea80576a7f779ee9823,00c6c50ee3540537bbb56ab2b6567b541f42b093,results/runs/pilot-fashionmnist-strict-s41-f374c7898c-6313c899-91107ec7/20260713T001537Z-8bc409f1,2026-07-13T00:15:37Z,,false,
20260713T001537Z-8bc409f1,pilot-fashionmnist-strict-s41-f374c7898c-6313c899-91107ec7,completed,pilot,FashionMNIST,lenet_classic,strict,0.1,20,41,42,f374c7898c8c697442b2b993cdd0e8bf8763237f6020f34a4b28db0cb564ec05,6313c8995a3317de03806ea80576a7f779ee9823,00c6c50ee3540537bbb56ab2b6567b541f42b093,results/runs/pilot-fashionmnist-strict-s41-f374c7898c-6313c899-91107ec7/20260713T001537Z-8bc409f1,2026-07-13T00:15:37Z,2026-07-13T00:15:55Z,false,
20260713T001559Z-44ad7743,pilot-fashionmnist-strict-s42-e7a4cfa5a3-6313c899-91107ec7,running,pilot,FashionMNIST,lenet_classic,strict,0.1,20,42,42,e7a4cfa5a37a50c297d05a1b8f0e810350af61a67062bf6c3d92ca5486ae3bc4,6313c8995a3317de03806ea80576a7f779ee9823,00c6c50ee3540537bbb56ab2b6567b541f42b093,results/runs/pilot-fashionmnist-strict-s42-e7a4cfa5a3-6313c899-91107ec7/20260713T001559Z-44ad7743,2026-07-13T00:15:59Z,,false,
20260713T001559Z-44ad7743,pilot-fashionmnist-strict-s42-e7a4cfa5a3-6313c899-91107ec7,completed,pilot,FashionMNIST,lenet_classic,strict,0.1,20,42,42,e7a4cfa5a37a50c297d05a1b8f0e810350af61a67062bf6c3d92ca5486ae3bc4,6313c8995a3317de03806ea80576a7f779ee9823,00c6c50ee3540537bbb56ab2b6567b541f42b093,results/runs/pilot-fashionmnist-strict-s42-e7a4cfa5a3-6313c899-91107ec7/20260713T001559Z-44ad7743,2026-07-13T00:15:59Z,2026-07-13T00:16:17Z,false,
20260713T001621Z-33e419c2,pilot-mnist-bp-s40-ebf918a3b7-6313c899-91107ec7,running,pilot,MNIST,lenet_classic,bp,,,40,42,ebf918a3b72badcaa02986f0a961eb2b2dd772dca6f4985e94503201ee00b0ba,6313c8995a3317de03806ea80576a7f779ee9823,00c6c50ee3540537bbb56ab2b6567b541f42b093,results/runs/pilot-mnist-bp-s40-ebf918a3b7-6313c899-91107ec7/20260713T001621Z-33e419c2,2026-07-13T00:16:21Z,,false,
20260713T001621Z-33e419c2,pilot-mnist-bp-s40-ebf918a3b7-6313c899-91107ec7,completed,pilot,MNIST,lenet_classic,bp,,,40,42,ebf918a3b72badcaa02986f0a961eb2b2dd772dca6f4985e94503201ee00b0ba,6313c8995a3317de03806ea80576a7f779ee9823,00c6c50ee3540537bbb56ab2b6567b541f42b093,results/runs/pilot-mnist-bp-s40-ebf918a3b7-6313c899-91107ec7/20260713T001621Z-33e419c2,2026-07-13T00:16:21Z,2026-07-13T00:16:32Z,false,
20260713T001637Z-bf400007,pilot-mnist-bp-s41-458a61413b-6313c899-91107ec7,running,pilot,MNIST,lenet_classic,bp,,,41,42,458a61413b7b33ae1863a8fb0658767ee24d11981f34a7de9ec7f07473e0e0b5,6313c8995a3317de03806ea80576a7f779ee9823,00c6c50ee3540537bbb56ab2b6567b541f42b093,results/runs/pilot-mnist-bp-s41-458a61413b-6313c899-91107ec7/20260713T001637Z-bf400007,2026-07-13T00:16:37Z,,false,
20260713T001637Z-bf400007,pilot-mnist-bp-s41-458a61413b-6313c899-91107ec7,completed,pilot,MNIST,lenet_classic,bp,,,41,42,458a61413b7b33ae1863a8fb0658767ee24d11981f34a7de9ec7f07473e0e0b5,6313c8995a3317de03806ea80576a7f779ee9823,00c6c50ee3540537bbb56ab2b6567b541f42b093,results/runs/pilot-mnist-bp-s41-458a61413b-6313c899-91107ec7/20260713T001637Z-bf400007,2026-07-13T00:16:37Z,2026-07-13T00:16:48Z,false,
20260713T001652Z-2ec2513d,pilot-mnist-bp-s42-02a399c1c1-6313c899-91107ec7,running,pilot,MNIST,lenet_classic,bp,,,42,42,02a399c1c10a677a8a8dc7274ecb59864f77547e39a03ece3c2029c86953b0d2,6313c8995a3317de03806ea80576a7f779ee9823,00c6c50ee3540537bbb56ab2b6567b541f42b093,results/runs/pilot-mnist-bp-s42-02a399c1c1-6313c899-91107ec7/20260713T001652Z-2ec2513d,2026-07-13T00:16:52Z,,false,
20260713T001652Z-2ec2513d,pilot-mnist-bp-s42-02a399c1c1-6313c899-91107ec7,completed,pilot,MNIST,lenet_classic,bp,,,42,42,02a399c1c10a677a8a8dc7274ecb59864f77547e39a03ece3c2029c86953b0d2,6313c8995a3317de03806ea80576a7f779ee9823,00c6c50ee3540537bbb56ab2b6567b541f42b093,results/runs/pilot-mnist-bp-s42-02a399c1c1-6313c899-91107ec7/20260713T001652Z-2ec2513d,2026-07-13T00:16:52Z,2026-07-13T00:17:03Z,false,
20260713T001708Z-1f4cb23c,pilot-mnist-fixedpred-s40-1bfc9f5b38-6313c899-91107ec7,running,pilot,MNIST,lenet_classic,fixedpred,0.1,1,40,42,1bfc9f5b388e35955b1ff5277c41055979cf1cab54eee1c9fbbe41d96224b760,6313c8995a3317de03806ea80576a7f779ee9823,00c6c50ee3540537bbb56ab2b6567b541f42b093,results/runs/pilot-mnist-fixedpred-s40-1bfc9f5b38-6313c899-91107ec7/20260713T001708Z-1f4cb23c,2026-07-13T00:17:08Z,,false,
20260713T001708Z-1f4cb23c,pilot-mnist-fixedpred-s40-1bfc9f5b38-6313c899-91107ec7,completed,pilot,MNIST,lenet_classic,fixedpred,0.1,1,40,42,1bfc9f5b388e35955b1ff5277c41055979cf1cab54eee1c9fbbe41d96224b760,6313c8995a3317de03806ea80576a7f779ee9823,00c6c50ee3540537bbb56ab2b6567b541f42b093,results/runs/pilot-mnist-fixedpred-s40-1bfc9f5b38-6313c899-91107ec7/20260713T001708Z-1f4cb23c,2026-07-13T00:17:08Z,2026-07-13T00:17:20Z,false,
20260713T001724Z-7b5daf1d,pilot-mnist-fixedpred-s41-a7ac858fab-6313c899-91107ec7,running,pilot,MNIST,lenet_classic,fixedpred,0.1,1,41,42,a7ac858fabf9dc40a4337e462f7b545dd19d6b07193f67d00b45f9dcabd195db,6313c8995a3317de03806ea80576a7f779ee9823,00c6c50ee3540537bbb56ab2b6567b541f42b093,results/runs/pilot-mnist-fixedpred-s41-a7ac858fab-6313c899-91107ec7/20260713T001724Z-7b5daf1d,2026-07-13T00:17:24Z,,false,
20260713T001724Z-7b5daf1d,pilot-mnist-fixedpred-s41-a7ac858fab-6313c899-91107ec7,completed,pilot,MNIST,lenet_classic,fixedpred,0.1,1,41,42,a7ac858fabf9dc40a4337e462f7b545dd19d6b07193f67d00b45f9dcabd195db,6313c8995a3317de03806ea80576a7f779ee9823,00c6c50ee3540537bbb56ab2b6567b541f42b093,results/runs/pilot-mnist-fixedpred-s41-a7ac858fab-6313c899-91107ec7/20260713T001724Z-7b5daf1d,2026-07-13T00:17:24Z,2026-07-13T00:17:36Z,false,
20260713T001740Z-5a98f0c7,pilot-mnist-fixedpred-s42-a5055aac93-6313c899-91107ec7,running,pilot,MNIST,lenet_classic,fixedpred,0.1,1,42,42,a5055aac936dd58b54c5eb39f42867affc4b8dcde25c9ebe0a20ba3272fc6da1,6313c8995a3317de03806ea80576a7f779ee9823,00c6c50ee3540537bbb56ab2b6567b541f42b093,results/runs/pilot-mnist-fixedpred-s42-a5055aac93-6313c899-91107ec7/20260713T001740Z-5a98f0c7,2026-07-13T00:17:40Z,,false,
20260713T001740Z-5a98f0c7,pilot-mnist-fixedpred-s42-a5055aac93-6313c899-91107ec7,completed,pilot,MNIST,lenet_classic,fixedpred,0.1,1,42,42,a5055aac936dd58b54c5eb39f42867affc4b8dcde25c9ebe0a20ba3272fc6da1,6313c8995a3317de03806ea80576a7f779ee9823,00c6c50ee3540537bbb56ab2b6567b541f42b093,results/runs/pilot-mnist-fixedpred-s42-a5055aac93-6313c899-91107ec7/20260713T001740Z-5a98f0c7,2026-07-13T00:17:40Z,2026-07-13T00:17:52Z,false,
20260713T001756Z-c5ffb2cc,pilot-mnist-fixedpred-s40-8af299e89e-6313c899-91107ec7,running,pilot,MNIST,lenet_classic,fixedpred,0.1,5,40,42,8af299e89e90336b1297f7f1e2bfc1c947918f6190c3582f1cd842da347e3c40,6313c8995a3317de03806ea80576a7f779ee9823,00c6c50ee3540537bbb56ab2b6567b541f42b093,results/runs/pilot-mnist-fixedpred-s40-8af299e89e-6313c899-91107ec7/20260713T001756Z-c5ffb2cc,2026-07-13T00:17:56Z,,false,
20260713T001756Z-c5ffb2cc,pilot-mnist-fixedpred-s40-8af299e89e-6313c899-91107ec7,completed,pilot,MNIST,lenet_classic,fixedpred,0.1,5,40,42,8af299e89e90336b1297f7f1e2bfc1c947918f6190c3582f1cd842da347e3c40,6313c8995a3317de03806ea80576a7f779ee9823,00c6c50ee3540537bbb56ab2b6567b541f42b093,results/runs/pilot-mnist-fixedpred-s40-8af299e89e-6313c899-91107ec7/20260713T001756Z-c5ffb2cc,2026-07-13T00:17:56Z,2026-07-13T00:18:09Z,false,
20260713T001814Z-e62ddd0f,pilot-mnist-fixedpred-s41-2637f93ad6-6313c899-91107ec7,running,pilot,MNIST,lenet_classic,fixedpred,0.1,5,41,42,2637f93ad6d0c436d935754a321f7d3853ddad91f0ff44ca06ffd61568572565,6313c8995a3317de03806ea80576a7f779ee9823,00c6c50ee3540537bbb56ab2b6567b541f42b093,results/runs/pilot-mnist-fixedpred-s41-2637f93ad6-6313c899-91107ec7/20260713T001814Z-e62ddd0f,2026-07-13T00:18:14Z,,false,
20260713T001814Z-e62ddd0f,pilot-mnist-fixedpred-s41-2637f93ad6-6313c899-91107ec7,completed,pilot,MNIST,lenet_classic,fixedpred,0.1,5,41,42,2637f93ad6d0c436d935754a321f7d3853ddad91f0ff44ca06ffd61568572565,6313c8995a3317de03806ea80576a7f779ee9823,00c6c50ee3540537bbb56ab2b6567b541f42b093,results/runs/pilot-mnist-fixedpred-s41-2637f93ad6-6313c899-91107ec7/20260713T001814Z-e62ddd0f,2026-07-13T00:18:14Z,2026-07-13T00:18:27Z,false,
20260713T001831Z-0c346aa6,pilot-mnist-fixedpred-s42-b4cec1db21-6313c899-91107ec7,running,pilot,MNIST,lenet_classic,fixedpred,0.1,5,42,42,b4cec1db2157080e364fb2997afa6736501835addcc163175778244f2fb2af89,6313c8995a3317de03806ea80576a7f779ee9823,00c6c50ee3540537bbb56ab2b6567b541f42b093,results/runs/pilot-mnist-fixedpred-s42-b4cec1db21-6313c899-91107ec7/20260713T001831Z-0c346aa6,2026-07-13T00:18:31Z,,false,
20260713T001831Z-0c346aa6,pilot-mnist-fixedpred-s42-b4cec1db21-6313c899-91107ec7,completed,pilot,MNIST,lenet_classic,fixedpred,0.1,5,42,42,b4cec1db2157080e364fb2997afa6736501835addcc163175778244f2fb2af89,6313c8995a3317de03806ea80576a7f779ee9823,00c6c50ee3540537bbb56ab2b6567b541f42b093,results/runs/pilot-mnist-fixedpred-s42-b4cec1db21-6313c899-91107ec7/20260713T001831Z-0c346aa6,2026-07-13T00:18:31Z,2026-07-13T00:18:44Z,false,
20260713T001848Z-2ff79d87,pilot-mnist-fixedpred-s40-42f64b39a2-6313c899-91107ec7,running,pilot,MNIST,lenet_classic,fixedpred,0.1,10,40,42,42f64b39a2e9a48de5de35b57cdcd0c7832c8de828a8ed26048cd8a2535f491f,6313c8995a3317de03806ea80576a7f779ee9823,00c6c50ee3540537bbb56ab2b6567b541f42b093,results/runs/pilot-mnist-fixedpred-s40-42f64b39a2-6313c899-91107ec7/20260713T001848Z-2ff79d87,2026-07-13T00:18:48Z,,false,
20260713T001848Z-2ff79d87,pilot-mnist-fixedpred-s40-42f64b39a2-6313c899-91107ec7,completed,pilot,MNIST,lenet_classic,fixedpred,0.1,10,40,42,42f64b39a2e9a48de5de35b57cdcd0c7832c8de828a8ed26048cd8a2535f491f,6313c8995a3317de03806ea80576a7f779ee9823,00c6c50ee3540537bbb56ab2b6567b541f42b093,results/runs/pilot-mnist-fixedpred-s40-42f64b39a2-6313c899-91107ec7/20260713T001848Z-2ff79d87,2026-07-13T00:18:48Z,2026-07-13T00:19:02Z,false,
20260713T001906Z-c23a93ae,pilot-mnist-fixedpred-s41-ea41c1fc86-6313c899-91107ec7,running,pilot,MNIST,lenet_classic,fixedpred,0.1,10,41,42,ea41c1fc86cf2cd55964d5601e0637552a488e3bf42959ee34229eda0f70c65d,6313c8995a3317de03806ea80576a7f779ee9823,00c6c50ee3540537bbb56ab2b6567b541f42b093,results/runs/pilot-mnist-fixedpred-s41-ea41c1fc86-6313c899-91107ec7/20260713T001906Z-c23a93ae,2026-07-13T00:19:06Z,,false,
20260713T001906Z-c23a93ae,pilot-mnist-fixedpred-s41-ea41c1fc86-6313c899-91107ec7,completed,pilot,MNIST,lenet_classic,fixedpred,0.1,10,41,42,ea41c1fc86cf2cd55964d5601e0637552a488e3bf42959ee34229eda0f70c65d,6313c8995a3317de03806ea80576a7f779ee9823,00c6c50ee3540537bbb56ab2b6567b541f42b093,results/runs/pilot-mnist-fixedpred-s41-ea41c1fc86-6313c899-91107ec7/20260713T001906Z-c23a93ae,2026-07-13T00:19:06Z,2026-07-13T00:19:21Z,false,
20260713T001925Z-140a5a27,pilot-mnist-fixedpred-s42-8b39007de6-6313c899-91107ec7,running,pilot,MNIST,lenet_classic,fixedpred,0.1,10,42,42,8b39007de6984bfcda192b85409668064d2638fc8e593be3c23fdb57aae20163,6313c8995a3317de03806ea80576a7f779ee9823,00c6c50ee3540537bbb56ab2b6567b541f42b093,results/runs/pilot-mnist-fixedpred-s42-8b39007de6-6313c899-91107ec7/20260713T001925Z-140a5a27,2026-07-13T00:19:25Z,,false,
20260713T001925Z-140a5a27,pilot-mnist-fixedpred-s42-8b39007de6-6313c899-91107ec7,completed,pilot,MNIST,lenet_classic,fixedpred,0.1,10,42,42,8b39007de6984bfcda192b85409668064d2638fc8e593be3c23fdb57aae20163,6313c8995a3317de03806ea80576a7f779ee9823,00c6c50ee3540537bbb56ab2b6567b541f42b093,results/runs/pilot-mnist-fixedpred-s42-8b39007de6-6313c899-91107ec7/20260713T001925Z-140a5a27,2026-07-13T00:19:25Z,2026-07-13T00:19:39Z,false,
20260713T001943Z-03d04e17,pilot-mnist-fixedpred-s40-c523270b3b-6313c899-91107ec7,running,pilot,MNIST,lenet_classic,fixedpred,0.3,1,40,42,c523270b3ba6dccf43c6e663a14d518fef014c08099d628d9069a331f4a232eb,6313c8995a3317de03806ea80576a7f779ee9823,00c6c50ee3540537bbb56ab2b6567b541f42b093,results/runs/pilot-mnist-fixedpred-s40-c523270b3b-6313c899-91107ec7/20260713T001943Z-03d04e17,2026-07-13T00:19:43Z,,false,
20260713T001943Z-03d04e17,pilot-mnist-fixedpred-s40-c523270b3b-6313c899-91107ec7,completed,pilot,MNIST,lenet_classic,fixedpred,0.3,1,40,42,c523270b3ba6dccf43c6e663a14d518fef014c08099d628d9069a331f4a232eb,6313c8995a3317de03806ea80576a7f779ee9823,00c6c50ee3540537bbb56ab2b6567b541f42b093,results/runs/pilot-mnist-fixedpred-s40-c523270b3b-6313c899-91107ec7/20260713T001943Z-03d04e17,2026-07-13T00:19:43Z,2026-07-13T00:19:55Z,false,
20260713T001959Z-b611eac7,pilot-mnist-fixedpred-s41-12711d1263-6313c899-91107ec7,running,pilot,MNIST,lenet_classic,fixedpred,0.3,1,41,42,12711d1263e45c0c40f865ca17d743945b0da9511af48f7c3778b7db4167db05,6313c8995a3317de03806ea80576a7f779ee9823,00c6c50ee3540537bbb56ab2b6567b541f42b093,results/runs/pilot-mnist-fixedpred-s41-12711d1263-6313c899-91107ec7/20260713T001959Z-b611eac7,2026-07-13T00:19:59Z,,false,
20260713T001959Z-b611eac7,pilot-mnist-fixedpred-s41-12711d1263-6313c899-91107ec7,completed,pilot,MNIST,lenet_classic,fixedpred,0.3,1,41,42,12711d1263e45c0c40f865ca17d743945b0da9511af48f7c3778b7db4167db05,6313c8995a3317de03806ea80576a7f779ee9823,00c6c50ee3540537bbb56ab2b6567b541f42b093,results/runs/pilot-mnist-fixedpred-s41-12711d1263-6313c899-91107ec7/20260713T001959Z-b611eac7,2026-07-13T00:19:59Z,2026-07-13T00:20:11Z,false,
20260713T002016Z-6b09c644,pilot-mnist-fixedpred-s42-34753ac3d4-6313c899-91107ec7,running,pilot,MNIST,lenet_classic,fixedpred,0.3,1,42,42,34753ac3d4c1bd0262bb7a2db897bff10607459721f0c390079af17b363e6f9d,6313c8995a3317de03806ea80576a7f779ee9823,00c6c50ee3540537bbb56ab2b6567b541f42b093,results/runs/pilot-mnist-fixedpred-s42-34753ac3d4-6313c899-91107ec7/20260713T002016Z-6b09c644,2026-07-13T00:20:16Z,,false,
20260713T002016Z-6b09c644,pilot-mnist-fixedpred-s42-34753ac3d4-6313c899-91107ec7,completed,pilot,MNIST,lenet_classic,fixedpred,0.3,1,42,42,34753ac3d4c1bd0262bb7a2db897bff10607459721f0c390079af17b363e6f9d,6313c8995a3317de03806ea80576a7f779ee9823,00c6c50ee3540537bbb56ab2b6567b541f42b093,results/runs/pilot-mnist-fixedpred-s42-34753ac3d4-6313c899-91107ec7/20260713T002016Z-6b09c644,2026-07-13T00:20:16Z,2026-07-13T00:20:28Z,false,
20260713T002032Z-a23c8e60,pilot-mnist-fixedpred-s40-0531d0e655-6313c899-91107ec7,running,pilot,MNIST,lenet_classic,fixedpred,0.3,5,40,42,0531d0e655c2099614b7264f765d17eaf1ab935b6f83f9f3780b874e8462d40d,6313c8995a3317de03806ea80576a7f779ee9823,00c6c50ee3540537bbb56ab2b6567b541f42b093,results/runs/pilot-mnist-fixedpred-s40-0531d0e655-6313c899-91107ec7/20260713T002032Z-a23c8e60,2026-07-13T00:20:32Z,,false,
20260713T002032Z-a23c8e60,pilot-mnist-fixedpred-s40-0531d0e655-6313c899-91107ec7,completed,pilot,MNIST,lenet_classic,fixedpred,0.3,5,40,42,0531d0e655c2099614b7264f765d17eaf1ab935b6f83f9f3780b874e8462d40d,6313c8995a3317de03806ea80576a7f779ee9823,00c6c50ee3540537bbb56ab2b6567b541f42b093,results/runs/pilot-mnist-fixedpred-s40-0531d0e655-6313c899-91107ec7/20260713T002032Z-a23c8e60,2026-07-13T00:20:32Z,2026-07-13T00:20:45Z,false,
20260713T002049Z-360c9d77,pilot-mnist-fixedpred-s41-1b4bfd3757-6313c899-91107ec7,running,pilot,MNIST,lenet_classic,fixedpred,0.3,5,41,42,1b4bfd375761fcac24c7dd4a952ff16826e726b201b13fa5f0761f9cdb68e867,6313c8995a3317de03806ea80576a7f779ee9823,00c6c50ee3540537bbb56ab2b6567b541f42b093,results/runs/pilot-mnist-fixedpred-s41-1b4bfd3757-6313c899-91107ec7/20260713T002049Z-360c9d77,2026-07-13T00:20:49Z,,false,
20260713T002049Z-360c9d77,pilot-mnist-fixedpred-s41-1b4bfd3757-6313c899-91107ec7,completed,pilot,MNIST,lenet_classic,fixedpred,0.3,5,41,42,1b4bfd375761fcac24c7dd4a952ff16826e726b201b13fa5f0761f9cdb68e867,6313c8995a3317de03806ea80576a7f779ee9823,00c6c50ee3540537bbb56ab2b6567b541f42b093,results/runs/pilot-mnist-fixedpred-s41-1b4bfd3757-6313c899-91107ec7/20260713T002049Z-360c9d77,2026-07-13T00:20:49Z,2026-07-13T00:21:02Z,false,
20260713T002106Z-e842d2b1,pilot-mnist-fixedpred-s42-79bc3b2593-6313c899-91107ec7,running,pilot,MNIST,lenet_classic,fixedpred,0.3,5,42,42,79bc3b2593fd85861b670ab4ec2a8081280177e6e9d9b3eaf7137af314f12b0e,6313c8995a3317de03806ea80576a7f779ee9823,00c6c50ee3540537bbb56ab2b6567b541f42b093,results/runs/pilot-mnist-fixedpred-s42-79bc3b2593-6313c899-91107ec7/20260713T002106Z-e842d2b1,2026-07-13T00:21:06Z,,false,
20260713T002106Z-e842d2b1,pilot-mnist-fixedpred-s42-79bc3b2593-6313c899-91107ec7,completed,pilot,MNIST,lenet_classic,fixedpred,0.3,5,42,42,79bc3b2593fd85861b670ab4ec2a8081280177e6e9d9b3eaf7137af314f12b0e,6313c8995a3317de03806ea80576a7f779ee9823,00c6c50ee3540537bbb56ab2b6567b541f42b093,results/runs/pilot-mnist-fixedpred-s42-79bc3b2593-6313c899-91107ec7/20260713T002106Z-e842d2b1,2026-07-13T00:21:06Z,2026-07-13T00:21:19Z,false,
20260713T002124Z-0484b904,pilot-mnist-fixedpred-s40-803ed65dbb-6313c899-91107ec7,running,pilot,MNIST,lenet_classic,fixedpred,0.3,10,40,42,803ed65dbbc427d7e3ad787abf0873f58375c3444b2982084255bb9b65bb085a,6313c8995a3317de03806ea80576a7f779ee9823,00c6c50ee3540537bbb56ab2b6567b541f42b093,results/runs/pilot-mnist-fixedpred-s40-803ed65dbb-6313c899-91107ec7/20260713T002124Z-0484b904,2026-07-13T00:21:24Z,,false,
20260713T002124Z-0484b904,pilot-mnist-fixedpred-s40-803ed65dbb-6313c899-91107ec7,completed,pilot,MNIST,lenet_classic,fixedpred,0.3,10,40,42,803ed65dbbc427d7e3ad787abf0873f58375c3444b2982084255bb9b65bb085a,6313c8995a3317de03806ea80576a7f779ee9823,00c6c50ee3540537bbb56ab2b6567b541f42b093,results/runs/pilot-mnist-fixedpred-s40-803ed65dbb-6313c899-91107ec7/20260713T002124Z-0484b904,2026-07-13T00:21:24Z,2026-07-13T00:21:38Z,false,
20260713T002142Z-c21851b0,pilot-mnist-fixedpred-s41-99e5a1aa6d-6313c899-91107ec7,running,pilot,MNIST,lenet_classic,fixedpred,0.3,10,41,42,99e5a1aa6d338f5887a10133b3ee69f3e8f2c085560ed42124296cfa8faf5970,6313c8995a3317de03806ea80576a7f779ee9823,00c6c50ee3540537bbb56ab2b6567b541f42b093,results/runs/pilot-mnist-fixedpred-s41-99e5a1aa6d-6313c899-91107ec7/20260713T002142Z-c21851b0,2026-07-13T00:21:42Z,,false,
20260713T002142Z-c21851b0,pilot-mnist-fixedpred-s41-99e5a1aa6d-6313c899-91107ec7,completed,pilot,MNIST,lenet_classic,fixedpred,0.3,10,41,42,99e5a1aa6d338f5887a10133b3ee69f3e8f2c085560ed42124296cfa8faf5970,6313c8995a3317de03806ea80576a7f779ee9823,00c6c50ee3540537bbb56ab2b6567b541f42b093,results/runs/pilot-mnist-fixedpred-s41-99e5a1aa6d-6313c899-91107ec7/20260713T002142Z-c21851b0,2026-07-13T00:21:42Z,2026-07-13T00:21:56Z,false,
20260713T002201Z-1861c6cb,pilot-mnist-fixedpred-s42-07d0311615-6313c899-91107ec7,running,pilot,MNIST,lenet_classic,fixedpred,0.3,10,42,42,07d03116155f5b8e548098fc96ae192b922d376fdf69e58561a85534d5d7c8b8,6313c8995a3317de03806ea80576a7f779ee9823,00c6c50ee3540537bbb56ab2b6567b541f42b093,results/runs/pilot-mnist-fixedpred-s42-07d0311615-6313c899-91107ec7/20260713T002201Z-1861c6cb,2026-07-13T00:22:01Z,,false,
20260713T002201Z-1861c6cb,pilot-mnist-fixedpred-s42-07d0311615-6313c899-91107ec7,completed,pilot,MNIST,lenet_classic,fixedpred,0.3,10,42,42,07d03116155f5b8e548098fc96ae192b922d376fdf69e58561a85534d5d7c8b8,6313c8995a3317de03806ea80576a7f779ee9823,00c6c50ee3540537bbb56ab2b6567b541f42b093,results/runs/pilot-mnist-fixedpred-s42-07d0311615-6313c899-91107ec7/20260713T002201Z-1861c6cb,2026-07-13T00:22:01Z,2026-07-13T00:22:15Z,false,
20260713T002219Z-9d7145be,pilot-mnist-fixedpred-s40-76edbfad2c-6313c899-91107ec7,running,pilot,MNIST,lenet_classic,fixedpred,0.5,5,40,42,76edbfad2c2127e1f086fffaa66d1cc01b28cd458ae1f925c93774d7d78daf92,6313c8995a3317de03806ea80576a7f779ee9823,00c6c50ee3540537bbb56ab2b6567b541f42b093,results/runs/pilot-mnist-fixedpred-s40-76edbfad2c-6313c899-91107ec7/20260713T002219Z-9d7145be,2026-07-13T00:22:19Z,,false,
20260713T002219Z-9d7145be,pilot-mnist-fixedpred-s40-76edbfad2c-6313c899-91107ec7,completed,pilot,MNIST,lenet_classic,fixedpred,0.5,5,40,42,76edbfad2c2127e1f086fffaa66d1cc01b28cd458ae1f925c93774d7d78daf92,6313c8995a3317de03806ea80576a7f779ee9823,00c6c50ee3540537bbb56ab2b6567b541f42b093,results/runs/pilot-mnist-fixedpred-s40-76edbfad2c-6313c899-91107ec7/20260713T002219Z-9d7145be,2026-07-13T00:22:19Z,2026-07-13T00:22:32Z,false,
20260713T002236Z-2cc0f70c,pilot-mnist-fixedpred-s41-6585a1f9dd-6313c899-91107ec7,running,pilot,MNIST,lenet_classic,fixedpred,0.5,5,41,42,6585a1f9dd9cb7c1bd4e8cd38e21d1d84db3fed9e015f46e7970ab8695b18caf,6313c8995a3317de03806ea80576a7f779ee9823,00c6c50ee3540537bbb56ab2b6567b541f42b093,results/runs/pilot-mnist-fixedpred-s41-6585a1f9dd-6313c899-91107ec7/20260713T002236Z-2cc0f70c,2026-07-13T00:22:36Z,,false,
20260713T002236Z-2cc0f70c,pilot-mnist-fixedpred-s41-6585a1f9dd-6313c899-91107ec7,completed,pilot,MNIST,lenet_classic,fixedpred,0.5,5,41,42,6585a1f9dd9cb7c1bd4e8cd38e21d1d84db3fed9e015f46e7970ab8695b18caf,6313c8995a3317de03806ea80576a7f779ee9823,00c6c50ee3540537bbb56ab2b6567b541f42b093,results/runs/pilot-mnist-fixedpred-s41-6585a1f9dd-6313c899-91107ec7/20260713T002236Z-2cc0f70c,2026-07-13T00:22:36Z,2026-07-13T00:22:49Z,false,
20260713T002254Z-3e2ed889,pilot-mnist-fixedpred-s42-c6c335ea48-6313c899-91107ec7,running,pilot,MNIST,lenet_classic,fixedpred,0.5,5,42,42,c6c335ea483377129e45c25611e49a920fa7f2f86989c31bdbfe1352c4fab7b7,6313c8995a3317de03806ea80576a7f779ee9823,00c6c50ee3540537bbb56ab2b6567b541f42b093,results/runs/pilot-mnist-fixedpred-s42-c6c335ea48-6313c899-91107ec7/20260713T002254Z-3e2ed889,2026-07-13T00:22:54Z,,false,
20260713T002254Z-3e2ed889,pilot-mnist-fixedpred-s42-c6c335ea48-6313c899-91107ec7,completed,pilot,MNIST,lenet_classic,fixedpred,0.5,5,42,42,c6c335ea483377129e45c25611e49a920fa7f2f86989c31bdbfe1352c4fab7b7,6313c8995a3317de03806ea80576a7f779ee9823,00c6c50ee3540537bbb56ab2b6567b541f42b093,results/runs/pilot-mnist-fixedpred-s42-c6c335ea48-6313c899-91107ec7/20260713T002254Z-3e2ed889,2026-07-13T00:22:54Z,2026-07-13T00:23:06Z,false,
20260713T002311Z-80297784,pilot-mnist-fixedpred-s40-f24534c6b5-6313c899-91107ec7,running,pilot,MNIST,lenet_classic,fixedpred,0.5,10,40,42,f24534c6b5da3797982b11e5c732fa8318d34bf1dc2b938e6b4263e2bbbc1f4d,6313c8995a3317de03806ea80576a7f779ee9823,00c6c50ee3540537bbb56ab2b6567b541f42b093,results/runs/pilot-mnist-fixedpred-s40-f24534c6b5-6313c899-91107ec7/20260713T002311Z-80297784,2026-07-13T00:23:11Z,,false,
20260713T002311Z-80297784,pilot-mnist-fixedpred-s40-f24534c6b5-6313c899-91107ec7,completed,pilot,MNIST,lenet_classic,fixedpred,0.5,10,40,42,f24534c6b5da3797982b11e5c732fa8318d34bf1dc2b938e6b4263e2bbbc1f4d,6313c8995a3317de03806ea80576a7f779ee9823,00c6c50ee3540537bbb56ab2b6567b541f42b093,results/runs/pilot-mnist-fixedpred-s40-f24534c6b5-6313c899-91107ec7/20260713T002311Z-80297784,2026-07-13T00:23:11Z,2026-07-13T00:23:25Z,false,
20260713T002329Z-5692b73e,pilot-mnist-fixedpred-s41-2ef092f791-6313c899-91107ec7,running,pilot,MNIST,lenet_classic,fixedpred,0.5,10,41,42,2ef092f79147e09330b57f114b0293add5883386db04ca80ef93dff34aee41bb,6313c8995a3317de03806ea80576a7f779ee9823,00c6c50ee3540537bbb56ab2b6567b541f42b093,results/runs/pilot-mnist-fixedpred-s41-2ef092f791-6313c899-91107ec7/20260713T002329Z-5692b73e,2026-07-13T00:23:29Z,,false,
20260713T002329Z-5692b73e,pilot-mnist-fixedpred-s41-2ef092f791-6313c899-91107ec7,completed,pilot,MNIST,lenet_classic,fixedpred,0.5,10,41,42,2ef092f79147e09330b57f114b0293add5883386db04ca80ef93dff34aee41bb,6313c8995a3317de03806ea80576a7f779ee9823,00c6c50ee3540537bbb56ab2b6567b541f42b093,results/runs/pilot-mnist-fixedpred-s41-2ef092f791-6313c899-91107ec7/20260713T002329Z-5692b73e,2026-07-13T00:23:29Z,2026-07-13T00:23:43Z,false,
20260713T002348Z-da97ac0d,pilot-mnist-fixedpred-s42-97a651d1fd-6313c899-91107ec7,running,pilot,MNIST,lenet_classic,fixedpred,0.5,10,42,42,97a651d1fd9fda1d7ba2afffe3ef95ef1117a8b667b3a0347e2cbb29af829e0b,6313c8995a3317de03806ea80576a7f779ee9823,00c6c50ee3540537bbb56ab2b6567b541f42b093,results/runs/pilot-mnist-fixedpred-s42-97a651d1fd-6313c899-91107ec7/20260713T002348Z-da97ac0d,2026-07-13T00:23:48Z,,false,
20260713T002348Z-da97ac0d,pilot-mnist-fixedpred-s42-97a651d1fd-6313c899-91107ec7,completed,pilot,MNIST,lenet_classic,fixedpred,0.5,10,42,42,97a651d1fd9fda1d7ba2afffe3ef95ef1117a8b667b3a0347e2cbb29af829e0b,6313c8995a3317de03806ea80576a7f779ee9823,00c6c50ee3540537bbb56ab2b6567b541f42b093,results/runs/pilot-mnist-fixedpred-s42-97a651d1fd-6313c899-91107ec7/20260713T002348Z-da97ac0d,2026-07-13T00:23:48Z,2026-07-13T00:24:02Z,false,
20260713T002406Z-f97ca5c7,pilot-mnist-fixedpred-s40-85b2293545-6313c899-91107ec7,running,pilot,MNIST,lenet_classic,fixedpred,1.0,6,40,42,85b2293545e59fb03743907807e4fcdac18504ca52db92452947526bc0889c02,6313c8995a3317de03806ea80576a7f779ee9823,00c6c50ee3540537bbb56ab2b6567b541f42b093,results/runs/pilot-mnist-fixedpred-s40-85b2293545-6313c899-91107ec7/20260713T002406Z-f97ca5c7,2026-07-13T00:24:06Z,,false,
20260713T002406Z-f97ca5c7,pilot-mnist-fixedpred-s40-85b2293545-6313c899-91107ec7,completed,pilot,MNIST,lenet_classic,fixedpred,1.0,6,40,42,85b2293545e59fb03743907807e4fcdac18504ca52db92452947526bc0889c02,6313c8995a3317de03806ea80576a7f779ee9823,00c6c50ee3540537bbb56ab2b6567b541f42b093,results/runs/pilot-mnist-fixedpred-s40-85b2293545-6313c899-91107ec7/20260713T002406Z-f97ca5c7,2026-07-13T00:24:06Z,2026-07-13T00:24:19Z,false,
20260713T002424Z-5329292b,pilot-mnist-fixedpred-s41-4b01501a42-6313c899-91107ec7,running,pilot,MNIST,lenet_classic,fixedpred,1.0,6,41,42,4b01501a42c28360c964481d6360ba61f3b9b9ca5fe332dcfabfb31e1cf8caeb,6313c8995a3317de03806ea80576a7f779ee9823,00c6c50ee3540537bbb56ab2b6567b541f42b093,results/runs/pilot-mnist-fixedpred-s41-4b01501a42-6313c899-91107ec7/20260713T002424Z-5329292b,2026-07-13T00:24:24Z,,false,
20260713T002424Z-5329292b,pilot-mnist-fixedpred-s41-4b01501a42-6313c899-91107ec7,completed,pilot,MNIST,lenet_classic,fixedpred,1.0,6,41,42,4b01501a42c28360c964481d6360ba61f3b9b9ca5fe332dcfabfb31e1cf8caeb,6313c8995a3317de03806ea80576a7f779ee9823,00c6c50ee3540537bbb56ab2b6567b541f42b093,results/runs/pilot-mnist-fixedpred-s41-4b01501a42-6313c899-91107ec7/20260713T002424Z-5329292b,2026-07-13T00:24:24Z,2026-07-13T00:24:37Z,false,
20260713T002441Z-b6e68921,pilot-mnist-fixedpred-s42-9e0b4371f0-6313c899-91107ec7,running,pilot,MNIST,lenet_classic,fixedpred,1.0,6,42,42,9e0b4371f09df4cab153aaa2f738ff27e1b20d5aa4cd27c1124440d7fa9537e2,6313c8995a3317de03806ea80576a7f779ee9823,00c6c50ee3540537bbb56ab2b6567b541f42b093,results/runs/pilot-mnist-fixedpred-s42-9e0b4371f0-6313c899-91107ec7/20260713T002441Z-b6e68921,2026-07-13T00:24:41Z,,false,
20260713T002441Z-b6e68921,pilot-mnist-fixedpred-s42-9e0b4371f0-6313c899-91107ec7,completed,pilot,MNIST,lenet_classic,fixedpred,1.0,6,42,42,9e0b4371f09df4cab153aaa2f738ff27e1b20d5aa4cd27c1124440d7fa9537e2,6313c8995a3317de03806ea80576a7f779ee9823,00c6c50ee3540537bbb56ab2b6567b541f42b093,results/runs/pilot-mnist-fixedpred-s42-9e0b4371f0-6313c899-91107ec7/20260713T002441Z-b6e68921,2026-07-13T00:24:41Z,2026-07-13T00:24:55Z,false,
20260713T002459Z-d44e76ea,pilot-mnist-strict-s40-61ad015811-6313c899-91107ec7,running,pilot,MNIST,lenet_classic,strict,0.01,5,40,42,61ad01581170287c48f7e2f75e21705ad13cbd5c74f97fee9489b6e4304b45ae,6313c8995a3317de03806ea80576a7f779ee9823,00c6c50ee3540537bbb56ab2b6567b541f42b093,results/runs/pilot-mnist-strict-s40-61ad015811-6313c899-91107ec7/20260713T002459Z-d44e76ea,2026-07-13T00:24:59Z,,false,
20260713T002459Z-d44e76ea,pilot-mnist-strict-s40-61ad015811-6313c899-91107ec7,completed,pilot,MNIST,lenet_classic,strict,0.01,5,40,42,61ad01581170287c48f7e2f75e21705ad13cbd5c74f97fee9489b6e4304b45ae,6313c8995a3317de03806ea80576a7f779ee9823,00c6c50ee3540537bbb56ab2b6567b541f42b093,results/runs/pilot-mnist-strict-s40-61ad015811-6313c899-91107ec7/20260713T002459Z-d44e76ea,2026-07-13T00:24:59Z,2026-07-13T00:25:12Z,false,
20260713T002517Z-b1f6c828,pilot-mnist-strict-s41-f43d0a509f-6313c899-91107ec7,running,pilot,MNIST,lenet_classic,strict,0.01,5,41,42,f43d0a509fcba1d2847ce137e4b85c69bfedb225f051e82e51e38a91aa44813f,6313c8995a3317de03806ea80576a7f779ee9823,00c6c50ee3540537bbb56ab2b6567b541f42b093,results/runs/pilot-mnist-strict-s41-f43d0a509f-6313c899-91107ec7/20260713T002517Z-b1f6c828,2026-07-13T00:25:17Z,,false,
20260713T002517Z-b1f6c828,pilot-mnist-strict-s41-f43d0a509f-6313c899-91107ec7,completed,pilot,MNIST,lenet_classic,strict,0.01,5,41,42,f43d0a509fcba1d2847ce137e4b85c69bfedb225f051e82e51e38a91aa44813f,6313c8995a3317de03806ea80576a7f779ee9823,00c6c50ee3540537bbb56ab2b6567b541f42b093,results/runs/pilot-mnist-strict-s41-f43d0a509f-6313c899-91107ec7/20260713T002517Z-b1f6c828,2026-07-13T00:25:17Z,2026-07-13T00:25:30Z,false,
20260713T002534Z-7764a825,pilot-mnist-strict-s42-f629c4c1ab-6313c899-91107ec7,running,pilot,MNIST,lenet_classic,strict,0.01,5,42,42,f629c4c1ab796b1c9d3c161e409230fe2f1fd176011eaa51ba75b458b698e9c4,6313c8995a3317de03806ea80576a7f779ee9823,00c6c50ee3540537bbb56ab2b6567b541f42b093,results/runs/pilot-mnist-strict-s42-f629c4c1ab-6313c899-91107ec7/20260713T002534Z-7764a825,2026-07-13T00:25:34Z,,false,
20260713T002534Z-7764a825,pilot-mnist-strict-s42-f629c4c1ab-6313c899-91107ec7,completed,pilot,MNIST,lenet_classic,strict,0.01,5,42,42,f629c4c1ab796b1c9d3c161e409230fe2f1fd176011eaa51ba75b458b698e9c4,6313c8995a3317de03806ea80576a7f779ee9823,00c6c50ee3540537bbb56ab2b6567b541f42b093,results/runs/pilot-mnist-strict-s42-f629c4c1ab-6313c899-91107ec7/20260713T002534Z-7764a825,2026-07-13T00:25:34Z,2026-07-13T00:25:47Z,false,
20260713T002552Z-3b957825,pilot-mnist-strict-s40-47667fbfd5-6313c899-91107ec7,running,pilot,MNIST,lenet_classic,strict,0.01,20,40,42,47667fbfd59805d79e4f2b09d2e3a26f6857e1e227fd26a6fc825efb0addb567,6313c8995a3317de03806ea80576a7f779ee9823,00c6c50ee3540537bbb56ab2b6567b541f42b093,results/runs/pilot-mnist-strict-s40-47667fbfd5-6313c899-91107ec7/20260713T002552Z-3b957825,2026-07-13T00:25:52Z,,false,
20260713T002552Z-3b957825,pilot-mnist-strict-s40-47667fbfd5-6313c899-91107ec7,completed,pilot,MNIST,lenet_classic,strict,0.01,20,40,42,47667fbfd59805d79e4f2b09d2e3a26f6857e1e227fd26a6fc825efb0addb567,6313c8995a3317de03806ea80576a7f779ee9823,00c6c50ee3540537bbb56ab2b6567b541f42b093,results/runs/pilot-mnist-strict-s40-47667fbfd5-6313c899-91107ec7/20260713T002552Z-3b957825,2026-07-13T00:25:52Z,2026-07-13T00:26:09Z,false,
20260713T002614Z-87e1c45b,pilot-mnist-strict-s41-bbedbd0ade-6313c899-91107ec7,running,pilot,MNIST,lenet_classic,strict,0.01,20,41,42,bbedbd0ade12d140d7b788866d71e3c33e769ed2bfe79d69696c11b3796a0100,6313c8995a3317de03806ea80576a7f779ee9823,00c6c50ee3540537bbb56ab2b6567b541f42b093,results/runs/pilot-mnist-strict-s41-bbedbd0ade-6313c899-91107ec7/20260713T002614Z-87e1c45b,2026-07-13T00:26:14Z,,false,
20260713T002614Z-87e1c45b,pilot-mnist-strict-s41-bbedbd0ade-6313c899-91107ec7,completed,pilot,MNIST,lenet_classic,strict,0.01,20,41,42,bbedbd0ade12d140d7b788866d71e3c33e769ed2bfe79d69696c11b3796a0100,6313c8995a3317de03806ea80576a7f779ee9823,00c6c50ee3540537bbb56ab2b6567b541f42b093,results/runs/pilot-mnist-strict-s41-bbedbd0ade-6313c899-91107ec7/20260713T002614Z-87e1c45b,2026-07-13T00:26:14Z,2026-07-13T00:26:31Z,false,
20260713T002635Z-1562cfa0,pilot-mnist-strict-s42-dc626262b7-6313c899-91107ec7,running,pilot,MNIST,lenet_classic,strict,0.01,20,42,42,dc626262b76109de7b39fa86727fbcbe085c2af2642718066536288d3b566546,6313c8995a3317de03806ea80576a7f779ee9823,00c6c50ee3540537bbb56ab2b6567b541f42b093,results/runs/pilot-mnist-strict-s42-dc626262b7-6313c899-91107ec7/20260713T002635Z-1562cfa0,2026-07-13T00:26:35Z,,false,
20260713T002635Z-1562cfa0,pilot-mnist-strict-s42-dc626262b7-6313c899-91107ec7,completed,pilot,MNIST,lenet_classic,strict,0.01,20,42,42,dc626262b76109de7b39fa86727fbcbe085c2af2642718066536288d3b566546,6313c8995a3317de03806ea80576a7f779ee9823,00c6c50ee3540537bbb56ab2b6567b541f42b093,results/runs/pilot-mnist-strict-s42-dc626262b7-6313c899-91107ec7/20260713T002635Z-1562cfa0,2026-07-13T00:26:35Z,2026-07-13T00:26:53Z,false,
20260713T002657Z-b2e2ed0d,pilot-mnist-strict-s40-7e007ad546-6313c899-91107ec7,running,pilot,MNIST,lenet_classic,strict,0.05,10,40,42,7e007ad5469ac6ea9aa58d7a3c3f7dd885d5b5bcb776a32fe4f09f8bfe402b67,6313c8995a3317de03806ea80576a7f779ee9823,00c6c50ee3540537bbb56ab2b6567b541f42b093,results/runs/pilot-mnist-strict-s40-7e007ad546-6313c899-91107ec7/20260713T002657Z-b2e2ed0d,2026-07-13T00:26:57Z,,false,
20260713T002657Z-b2e2ed0d,pilot-mnist-strict-s40-7e007ad546-6313c899-91107ec7,completed,pilot,MNIST,lenet_classic,strict,0.05,10,40,42,7e007ad5469ac6ea9aa58d7a3c3f7dd885d5b5bcb776a32fe4f09f8bfe402b67,6313c8995a3317de03806ea80576a7f779ee9823,00c6c50ee3540537bbb56ab2b6567b541f42b093,results/runs/pilot-mnist-strict-s40-7e007ad546-6313c899-91107ec7/20260713T002657Z-b2e2ed0d,2026-07-13T00:26:57Z,2026-07-13T00:27:12Z,false,
20260713T002716Z-4fc63efc,pilot-mnist-strict-s41-2c89aa1252-6313c899-91107ec7,running,pilot,MNIST,lenet_classic,strict,0.05,10,41,42,2c89aa1252031908067ec9febaf13a4e355481e9339e076f098576e1c3f83388,6313c8995a3317de03806ea80576a7f779ee9823,00c6c50ee3540537bbb56ab2b6567b541f42b093,results/runs/pilot-mnist-strict-s41-2c89aa1252-6313c899-91107ec7/20260713T002716Z-4fc63efc,2026-07-13T00:27:16Z,,false,
20260713T002716Z-4fc63efc,pilot-mnist-strict-s41-2c89aa1252-6313c899-91107ec7,completed,pilot,MNIST,lenet_classic,strict,0.05,10,41,42,2c89aa1252031908067ec9febaf13a4e355481e9339e076f098576e1c3f83388,6313c8995a3317de03806ea80576a7f779ee9823,00c6c50ee3540537bbb56ab2b6567b541f42b093,results/runs/pilot-mnist-strict-s41-2c89aa1252-6313c899-91107ec7/20260713T002716Z-4fc63efc,2026-07-13T00:27:16Z,2026-07-13T00:27:30Z,false,
20260713T002735Z-d198838a,pilot-mnist-strict-s42-bdc3d1405b-6313c899-91107ec7,running,pilot,MNIST,lenet_classic,strict,0.05,10,42,42,bdc3d1405b18d032e4f4d94915035a00d0cd66fbe9e94c540f9f3eb98d5c1534,6313c8995a3317de03806ea80576a7f779ee9823,00c6c50ee3540537bbb56ab2b6567b541f42b093,results/runs/pilot-mnist-strict-s42-bdc3d1405b-6313c899-91107ec7/20260713T002735Z-d198838a,2026-07-13T00:27:35Z,,false,
20260713T002735Z-d198838a,pilot-mnist-strict-s42-bdc3d1405b-6313c899-91107ec7,completed,pilot,MNIST,lenet_classic,strict,0.05,10,42,42,bdc3d1405b18d032e4f4d94915035a00d0cd66fbe9e94c540f9f3eb98d5c1534,6313c8995a3317de03806ea80576a7f779ee9823,00c6c50ee3540537bbb56ab2b6567b541f42b093,results/runs/pilot-mnist-strict-s42-bdc3d1405b-6313c899-91107ec7/20260713T002735Z-d198838a,2026-07-13T00:27:35Z,2026-07-13T00:27:49Z,false,
20260713T002753Z-4171f759,pilot-mnist-strict-s40-d0b0be4bf1-6313c899-91107ec7,running,pilot,MNIST,lenet_classic,strict,0.05,20,40,42,d0b0be4bf10e92705653f570f575e8abfe69d8541b81eb8cd0bb4f61fd881775,6313c8995a3317de03806ea80576a7f779ee9823,00c6c50ee3540537bbb56ab2b6567b541f42b093,results/runs/pilot-mnist-strict-s40-d0b0be4bf1-6313c899-91107ec7/20260713T002753Z-4171f759,2026-07-13T00:27:53Z,,false,
20260713T002753Z-4171f759,pilot-mnist-strict-s40-d0b0be4bf1-6313c899-91107ec7,completed,pilot,MNIST,lenet_classic,strict,0.05,20,40,42,d0b0be4bf10e92705653f570f575e8abfe69d8541b81eb8cd0bb4f61fd881775,6313c8995a3317de03806ea80576a7f779ee9823,00c6c50ee3540537bbb56ab2b6567b541f42b093,results/runs/pilot-mnist-strict-s40-d0b0be4bf1-6313c899-91107ec7/20260713T002753Z-4171f759,2026-07-13T00:27:53Z,2026-07-13T00:28:11Z,false,
20260713T002815Z-0c9ea90f,pilot-mnist-strict-s41-81edefa12d-6313c899-91107ec7,running,pilot,MNIST,lenet_classic,strict,0.05,20,41,42,81edefa12db611b99cca2322a0c171a12e79ad558c06f513be5607527c377f82,6313c8995a3317de03806ea80576a7f779ee9823,00c6c50ee3540537bbb56ab2b6567b541f42b093,results/runs/pilot-mnist-strict-s41-81edefa12d-6313c899-91107ec7/20260713T002815Z-0c9ea90f,2026-07-13T00:28:15Z,,false,
20260713T002815Z-0c9ea90f,pilot-mnist-strict-s41-81edefa12d-6313c899-91107ec7,completed,pilot,MNIST,lenet_classic,strict,0.05,20,41,42,81edefa12db611b99cca2322a0c171a12e79ad558c06f513be5607527c377f82,6313c8995a3317de03806ea80576a7f779ee9823,00c6c50ee3540537bbb56ab2b6567b541f42b093,results/runs/pilot-mnist-strict-s41-81edefa12d-6313c899-91107ec7/20260713T002815Z-0c9ea90f,2026-07-13T00:28:15Z,2026-07-13T00:28:32Z,false,
20260713T002837Z-a16f64f5,pilot-mnist-strict-s42-5174271f92-6313c899-91107ec7,running,pilot,MNIST,lenet_classic,strict,0.05,20,42,42,5174271f9246bd1be91793aba187c2a79fba34544e3f2cb5e7ad34ee5ac91ce8,6313c8995a3317de03806ea80576a7f779ee9823,00c6c50ee3540537bbb56ab2b6567b541f42b093,results/runs/pilot-mnist-strict-s42-5174271f92-6313c899-91107ec7/20260713T002837Z-a16f64f5,2026-07-13T00:28:37Z,,false,
20260713T002837Z-a16f64f5,pilot-mnist-strict-s42-5174271f92-6313c899-91107ec7,completed,pilot,MNIST,lenet_classic,strict,0.05,20,42,42,5174271f9246bd1be91793aba187c2a79fba34544e3f2cb5e7ad34ee5ac91ce8,6313c8995a3317de03806ea80576a7f779ee9823,00c6c50ee3540537bbb56ab2b6567b541f42b093,results/runs/pilot-mnist-strict-s42-5174271f92-6313c899-91107ec7/20260713T002837Z-a16f64f5,2026-07-13T00:28:37Z,2026-07-13T00:28:54Z,false,
20260713T002859Z-30f7cf01,pilot-mnist-strict-s40-6a89cd73be-6313c899-91107ec7,running,pilot,MNIST,lenet_classic,strict,0.1,10,40,42,6a89cd73be8b237ab458a1f32ef8240f408ae21af5d59040ac03a81a53d65df2,6313c8995a3317de03806ea80576a7f779ee9823,00c6c50ee3540537bbb56ab2b6567b541f42b093,results/runs/pilot-mnist-strict-s40-6a89cd73be-6313c899-91107ec7/20260713T002859Z-30f7cf01,2026-07-13T00:28:59Z,,false,
20260713T002859Z-30f7cf01,pilot-mnist-strict-s40-6a89cd73be-6313c899-91107ec7,completed,pilot,MNIST,lenet_classic,strict,0.1,10,40,42,6a89cd73be8b237ab458a1f32ef8240f408ae21af5d59040ac03a81a53d65df2,6313c8995a3317de03806ea80576a7f779ee9823,00c6c50ee3540537bbb56ab2b6567b541f42b093,results/runs/pilot-mnist-strict-s40-6a89cd73be-6313c899-91107ec7/20260713T002859Z-30f7cf01,2026-07-13T00:28:59Z,2026-07-13T00:29:13Z,false,
20260713T002917Z-b66f4b54,pilot-mnist-strict-s41-38663b0455-6313c899-91107ec7,running,pilot,MNIST,lenet_classic,strict,0.1,10,41,42,38663b04550418d73abf37c14215f5b7f122f0393a9c358b146fbe28dca3f76a,6313c8995a3317de03806ea80576a7f779ee9823,00c6c50ee3540537bbb56ab2b6567b541f42b093,results/runs/pilot-mnist-strict-s41-38663b0455-6313c899-91107ec7/20260713T002917Z-b66f4b54,2026-07-13T00:29:17Z,,false,
20260713T002917Z-b66f4b54,pilot-mnist-strict-s41-38663b0455-6313c899-91107ec7,completed,pilot,MNIST,lenet_classic,strict,0.1,10,41,42,38663b04550418d73abf37c14215f5b7f122f0393a9c358b146fbe28dca3f76a,6313c8995a3317de03806ea80576a7f779ee9823,00c6c50ee3540537bbb56ab2b6567b541f42b093,results/runs/pilot-mnist-strict-s41-38663b0455-6313c899-91107ec7/20260713T002917Z-b66f4b54,2026-07-13T00:29:17Z,2026-07-13T00:29:32Z,false,
20260713T002936Z-3fd5766c,pilot-mnist-strict-s42-72001caeb8-6313c899-91107ec7,running,pilot,MNIST,lenet_classic,strict,0.1,10,42,42,72001caeb876eeec4e4c586f605a29ee0ded4007f083a749e2cd57a8b18c867b,6313c8995a3317de03806ea80576a7f779ee9823,00c6c50ee3540537bbb56ab2b6567b541f42b093,results/runs/pilot-mnist-strict-s42-72001caeb8-6313c899-91107ec7/20260713T002936Z-3fd5766c,2026-07-13T00:29:36Z,,false,
20260713T002936Z-3fd5766c,pilot-mnist-strict-s42-72001caeb8-6313c899-91107ec7,completed,pilot,MNIST,lenet_classic,strict,0.1,10,42,42,72001caeb876eeec4e4c586f605a29ee0ded4007f083a749e2cd57a8b18c867b,6313c8995a3317de03806ea80576a7f779ee9823,00c6c50ee3540537bbb56ab2b6567b541f42b093,results/runs/pilot-mnist-strict-s42-72001caeb8-6313c899-91107ec7/20260713T002936Z-3fd5766c,2026-07-13T00:29:36Z,2026-07-13T00:29:51Z,false,
20260713T002955Z-2c39825d,pilot-mnist-strict-s40-bf9b8d62a3-6313c899-91107ec7,running,pilot,MNIST,lenet_classic,strict,0.1,20,40,42,bf9b8d62a30c220555e195df3252f986a0c03dd477019b6b6a453fd42eed2da9,6313c8995a3317de03806ea80576a7f779ee9823,00c6c50ee3540537bbb56ab2b6567b541f42b093,results/runs/pilot-mnist-strict-s40-bf9b8d62a3-6313c899-91107ec7/20260713T002955Z-2c39825d,2026-07-13T00:29:55Z,,false,
20260713T002955Z-2c39825d,pilot-mnist-strict-s40-bf9b8d62a3-6313c899-91107ec7,completed,pilot,MNIST,lenet_classic,strict,0.1,20,40,42,bf9b8d62a30c220555e195df3252f986a0c03dd477019b6b6a453fd42eed2da9,6313c8995a3317de03806ea80576a7f779ee9823,00c6c50ee3540537bbb56ab2b6567b541f42b093,results/runs/pilot-mnist-strict-s40-bf9b8d62a3-6313c899-91107ec7/20260713T002955Z-2c39825d,2026-07-13T00:29:55Z,2026-07-13T00:30:13Z,false,
20260713T003017Z-3be14681,pilot-mnist-strict-s41-ecb059f194-6313c899-91107ec7,running,pilot,MNIST,lenet_classic,strict,0.1,20,41,42,ecb059f19470d16bef3054b3f1682959ac8c06c53f6a28f1d3d6a38da6786077,6313c8995a3317de03806ea80576a7f779ee9823,00c6c50ee3540537bbb56ab2b6567b541f42b093,results/runs/pilot-mnist-strict-s41-ecb059f194-6313c899-91107ec7/20260713T003017Z-3be14681,2026-07-13T00:30:17Z,,false,
20260713T003017Z-3be14681,pilot-mnist-strict-s41-ecb059f194-6313c899-91107ec7,completed,pilot,MNIST,lenet_classic,strict,0.1,20,41,42,ecb059f19470d16bef3054b3f1682959ac8c06c53f6a28f1d3d6a38da6786077,6313c8995a3317de03806ea80576a7f779ee9823,00c6c50ee3540537bbb56ab2b6567b541f42b093,results/runs/pilot-mnist-strict-s41-ecb059f194-6313c899-91107ec7/20260713T003017Z-3be14681,2026-07-13T00:30:17Z,2026-07-13T00:30:35Z,false,
20260713T003039Z-efb9a721,pilot-mnist-strict-s42-02cfbb2809-6313c899-91107ec7,running,pilot,MNIST,lenet_classic,strict,0.1,20,42,42,02cfbb28095925de567d6f40dc77c808f253669e43e575b6c49a4d9c72389bed,6313c8995a3317de03806ea80576a7f779ee9823,00c6c50ee3540537bbb56ab2b6567b541f42b093,results/runs/pilot-mnist-strict-s42-02cfbb2809-6313c899-91107ec7/20260713T003039Z-efb9a721,2026-07-13T00:30:39Z,,false,
20260713T003039Z-efb9a721,pilot-mnist-strict-s42-02cfbb2809-6313c899-91107ec7,completed,pilot,MNIST,lenet_classic,strict,0.1,20,42,42,02cfbb28095925de567d6f40dc77c808f253669e43e575b6c49a4d9c72389bed,6313c8995a3317de03806ea80576a7f779ee9823,00c6c50ee3540537bbb56ab2b6567b541f42b093,results/runs/pilot-mnist-strict-s42-02cfbb2809-6313c899-91107ec7/20260713T003039Z-efb9a721,2026-07-13T00:30:39Z,2026-07-13T00:30:57Z,false,
